phrase,count,rank
"PP(IN,NP)",120859,1
"S(NP,VP)",61510,2
"NP(NP,PP)",61041,3
"NP(DT,NN)",53516,4
"SBAR(IN,S)",22735,5
"NP(DT,JJ,NN)",19337,6
"VP(TO,VP)",17159,7
"NP(NP,SBAR)",16911,8
"SBAR(WHNP,S)",13333,9
"VP(MD,VP)",12052,10
"VP(VBZ,NP)",11282,11
"VP(VB,NP)",10889,12
"NP(JJ,NNS)",9114,13
"NP(DT,NNS)",9011,14
"VP(VBN,PP)",8789,15
"NP(JJ,NN)",7962,16
"PP(IN,S)",6775,17
"NP(PRP$,NN)",6762,18
"NP(NP,NP)",6040,19
"NP(NP,VP)",5565,20
"VP(VB,VP)",5196,21
"VP(VBG,NP)",5152,22
"VP(VBZ,VP)",4908,23
"VP(VBP,NP)",4882,24
"S(PP,NP,VP)",4855,25
"NP(NP,CC,NP)",4838,26
"NP(NNP,POS)",4106,27
"ADJP(RB,JJ)",4046,28
"VP(VB,SBAR)",3951,29
"SBAR(WHADVP,S)",3873,30
"VP(VBZ,ADJP)",3690,31
"VP(VB,PP)",3661,32
"S(ADVP,NP,VP)",3634,33
"NP(NP,NN)",3564,34
"VP(VBZ,PP)",3543,35
"NP(NNP,NNP)",3376,36
"ADJP(JJ,PP)",3321,37
"VP(VBZ,SBAR)",3249,38
"NP(DT,JJ,NNS)",3178,39
"VP(VB,NP,PP)",3155,40
"VP(VBZ,S)",3147,41
"VP(VBP,VP)",3099,42
"S(NP,ADVP,VP)",3042,43
"NP(DT,NN,NN)",2909,44
"VP(VP,CC,VP)",2854,45
"NP(NP,PP,PP)",2630,46
"S(S,CC,S)",2560,47
"WHPP(IN,WHNP)",2519,48
"S(SBAR,NP,VP)",2488,49
"VP(VB,S)",2419,50
"NP(DT,ADJP,NN)",2391,51
"SBAR(WHPP,S)",2293,52
"VP(VBD,NP)",2259,53
"NP(PRP$,NNS)",2215,54
"S(S,S)",2165,55
"VP(MD,ADVP,VP)",2061,56
"NP(DT,NNP)",2001,57
"NP(PRP$,JJ,NN)",1898,58
"VP(VBN,S)",1883,59
"VP(VBZ,NP,PP)",1861,60
"VP(VB,ADJP)",1845,61
"ADJP(JJ,CC,JJ)",1843,62
"VP(VBP,PP)",1781,63
"NP(NP,ADJP)",1747,64
"NP(DT,JJ)",1695,65
"VP(VBD,VP)",1692,66
"VP(MD,RB,VP)",1686,67
"ADVP(RB,RB)",1676,68
"PP(IN,SBAR)",1647,69
"VP(VBG,PP)",1638,70
"NP(NN,NN)",1631,71
"VP(VBP,S)",1583,72
"VP(VBP,ADJP)",1548,73
"NP(DT,NN,SBAR)",1532,74
"NP(NN,CC,NN)",1474,75
"VP(VBG,NP,PP)",1379,76
"VP(VBZ,RB,VP)",1373,77
"S(CC,NP,VP)",1372,78
"VP(VBP,SBAR)",1363,79
"PP(ADVP,IN,NP)",1327,80
"VP(VBN,NP)",1319,81
"NP(NN,NNS)",1301,82
"NP(ADJP,NNS)",1272,83
"S(ADVP,VP)",1263,84
"PP(IN,ADJP)",1189,85
"NP(JJ,JJ,NNS)",1115,86
"VP(VBZ,ADVP,VP)",1083,87
"PP(IN,PP)",1072,88
"NP(DT,NN,POS)",1031,89
"VP(VBG,SBAR)",1022,90
"VP(VBN,SBAR)",1019,91
"VP(VBP,RB,VP)",1009,92
"VP(VBD,PP)",959,93
"SBAR(ADVP,IN,S)",958,94
"NP(DT,VBN,NN)",953,95
"VP(VBP,NP,PP)",912,96
"ADJP(JJ,S)",898,97
"VP(VBN,PP,PP)",871,98
"VP(VBN,VP)",851,99
"VP(VBD,S)",841,100
"ADJP(RBR,JJ)",836,101
"NP(PRP$,JJ,NNS)",825,102
"S(S,NP,VP)",807,103
"S(S,VP)",806,104
"SBAR(SBAR,CC,SBAR)",799,105
"PP(PP,CC,PP)",798,106
"VP(VBZ,ADJP,SBAR)",785,107
"S(SBAR,VP)",766,108
"NP(NP,JJ,NN)",762,109
"NP(NP,S)",756,110
"NP(NP,NNS)",753,111
"VP(VBZ,ADVP,NP)",742,112
"NP(NNP,CC,NNP)",709,113
"VP(VB,NP,SBAR)",700,114
"NP(NP,ADVP)",697,115
"NP(CD,NNS)",697,116
"NP(DT,NML,NN)",691,117
"NP(PDT,DT,NN)",685,118
"NP(CD,NN)",682,119
"ADJP(ADJP,PP)",678,120
"VP(VBG,S)",656,121
"VP(VBP,ADVP,VP)",656,122
"NP(ADJP,NN)",646,123
"NP(DT,VBG,NN)",643,124
"ADJP(RB,JJ,PP)",643,125
"NP(NNP,NNP,NNP)",641,126
"NP(DT,NNP,NNP)",637,127
"VP(VBD,NP,PP)",616,128
"VP(VBZ,NP,SBAR)",615,129
"S(PP,VP)",598,130
"ADVP(IN,JJS)",589,131
"VP(VBD,ADJP)",588,132
"NP(JJ,JJ,NN)",573,133
"VP(VBN,ADVP)",570,134
"NP(FW,FW)",568,135
"ADVP(RB,PP)",521,136
"VP(VBG,VP)",520,137
"VP(VB,ADVP)",519,138
"VP(VBD,SBAR)",518,139
"ADJP(RB,VBN)",511,140
"NP(NNS,CC,NNS)",510,141
"NP(DT,CD,NNS)",509,142
"NP(NNP,NN)",507,143
"NP(DT,ADJP,NNS)",502,144
"S(NP,PP,VP)",500,145
"NP(DT,NN,S)",495,146
"NP(DT,NN,NNS)",486,147
"VP(VB,NP,S)",474,148
"VP(VBZ,ADJP,PP)",472,149
"VP(VBZ,RB,NP)",469,150
"VP(VBZ,ADJP,S)",461,151
"NP(NP,NP,NP)",459,152
"S(NP,NP,VP)",457,153
"NP(DT,JJR,NN)",455,154
"VP(VBZ,NP,S)",453,155
"S(NP,ADJP)",448,156
"ADJP(RBS,JJ)",445,157
"NP(DT,NNP,NN)",432,158
"NML(JJ,HYPH,NN)",429,159
"ADVP(IN,NN)",422,160
"VP(VB,PP,PP)",420,161
"VP(VBN,NP,PP)",418,162
"NP(FW,FW,FW)",414,163
"PP(VBG,PP)",411,164
"NP(DT,NNPS)",402,165
"SBAR(IN,IN,S)",400,166
"CONJP(RB,RB)",400,167
"ADJP(ADJP,CC,ADJP)",399,168
"ADJP(NN,HYPH,JJ)",394,169
"VP(VB,NP,ADVP)",380,170
"NML(JJ,NN)",379,171
"ADVP(ADVP,SBAR)",372,172
"NP(NNP,NNP,POS)",370,173
"VP(VBZ,ADVP)",369,174
"NML(NNP,NNP)",367,175
"NP(JJ,NN,NNS)",354,176
"SBAR(IN,NP)",354,177
"ADVP(RB,RBR)",354,178
"NP(NN,HYPH,NN)",352,179
"ADVP(IN,DT)",348,180
"VP(VBZ,PP,PP)",344,181
"VP(VBN,ADVP,PP)",340,182
"VP(VBG,ADJP)",334,183
"VP(VBZ,ADVP,PP)",330,184
"ADJP(ADJP,SBAR)",330,185
"NML(NN,HYPH,NN)",327,186
"PP(JJ,IN,NP)",325,187
"SQ(MD,NP,VP)",322,188
"VP(VB,PP,SBAR)",322,189
"NML(NN,NN)",319,190
"VP(VBZ,ADVP,ADJP)",315,191
"VP(VBD,ADVP,VP)",314,192
"VP(VBN,PP,SBAR)",311,193
"VP(VBZ,RB,ADJP)",309,194
"NP(VBN,NNS)",306,195
"PP(PP,PP)",305,196
"VP(VB,ADVP,VP)",304,197
"ADVP(RBR,RB)",303,198
"SBAR(IN,NN,S)",302,199
"VP(VBD,RB,VP)",299,200
"SBARQ(WHADVP,SQ)",299,201
"VP(VBZ,PP,SBAR)",294,202
"WHNP(WDT,NN)",293,203
"PP(IN,ADVP)",293,204
"VP(VBZ,PP,NP)",291,205
"NP(NML,NNS)",289,206
"ADJP(JJ,SBAR)",278,207
"NML(NML,CC,NML)",277,208
"NP(DT,JJS,NN)",274,209
"NP(NML,NN)",272,210
"CONJP(RB,IN)",271,211
"VP(VB,NP,NP)",271,212
"NP(DT,JJ,NNP)",269,213
"NP(NP,NNP)",269,214
"SBAR(IN,FRAG)",268,215
"NP(DT,ADJP)",257,216
"NP(CD,JJ,NNS)",256,217
"CONJP(RB,RB,IN)",255,218
"VP(VB,ADVP,PP)",254,219
"S(RB,VP)",247,220
"NP(PRP,POS)",246,221
"VP(VB,ADJP,PP)",239,222
"VP(VB,PRT,NP)",237,223
"VP(VBP,NP,SBAR)",236,224
"NP(NP,JJ,NNS)",235,225
"SBARQ(WHNP,SQ)",235,226
"PP(VBG,NP)",233,227
"NP(NN,POS)",232,228
"VP(VB,PP,NP)",229,229
"VP(VB,ADJP,SBAR)",224,230
"NP(RB,DT,NN)",223,231
"NP(JJ,NN,NN)",223,232
"NP(NP,CONJP,NP)",223,233
"S(NP,NP)",222,234
"VP(VBP,ADVP,NP)",218,235
"ADJP(RB,JJR)",217,236
"VP(VBZ,NP,NP)",215,237
"NP(JJ,NNP)",215,238
"VP(VBN,PRT,PP)",215,239
"ADJP(NN,HYPH,VBN)",214,240
"VP(VBP,PP,PP)",212,241
"NP(PRP$,NN,NN)",211,242
"VP(VBN,ADJP)",204,243
"ADJP(RB,HYPH,VBN)",200,244
"ADJP(JJ,HYPH,JJ)",200,245
"PP(VBN,NP)",200,246
"VP(VBG,ADVP)",198,247
"NP(JJR,NN)",197,248
"VP(VBP,ADJP,PP)",196,249
"ADVP(ADVP,PP)",195,250
"NP(VBN,NN)",193,251
"NP(JJR,NNS)",189,252
"VP(ADVP,VBN,PP)",189,253
"WHNP(WHNP,PP)",187,254
"VP(VBZ,ADVP,SBAR)",187,255
"VP(VP,VP)",186,256
"VP(VBP,NP,S)",185,257
"PP(IN,IN,NP)",184,258
"NP(VBG,NNS)",183,259
"NP(NNP,NNS)",182,260
"VP(VBP,ADVP)",182,261
"NP(PDT,DT,NNS)",182,262
"NP(NN,JJ)",181,263
"VP(MD,S)",181,264
"ADJP(JJ,JJ)",179,265
"PP(IN,HYPH,NP)",178,266
"VP(VBZ,NP,ADVP)",178,267
"PP(RB,IN,NP)",178,268
"WHNP(WP$,NN)",178,269
"VP(VB,ADVP,NP)",177,270
"NP(DT,NML)",177,271
"VP(VB,ADVP,SBAR)",175,272
"SQ(VBZ,NP,VP)",172,273
"VP(VBG,NP,S)",172,274
"NP(NP,PP,SBAR)",169,275
"ADJP(FW,FW)",168,276
"NP(DT,VBG,NNS)",166,277
"VP(VBP,RB,ADJP)",166,278
"VP(VBG,PP,PP)",165,279
"ADJP(ADVP,JJ)",165,280
"CONJP(CC,RB)",165,281
"VP(VB,ADJP,S)",164,282
"VP(VBP,ADVP,PP)",162,283
"VP(VBD,ADVP)",161,284
"ADJP(VBN,PP)",160,285
"NP(QP,NNS)",160,286
"S(NP,SBAR,VP)",160,287
"VP(VBP,ADVP,ADJP)",157,288
"ADVP(RB,CC,RB)",154,289
"NP(DT,NNP,POS)",154,290
"PP(IN,VP)",152,291
"S(NP,PRN,VP)",151,292
"NP(NP,NP,PP)",151,293
"SQ(VBP,NP,VP)",150,294
"VP(VBZ,PP,S)",149,295
"NP(PRP$,NN,S)",146,296
"NP(NP,PRN)",145,297
"VP(MD,PP,VP)",145,298
"VP(VBG,NP,SBAR)",145,299
"VP(VBD,PP,PP)",143,300
"NP(ADJP,JJ,NNS)",143,301
"NP(DT,VBN,NNS)",143,302
"S(S,NP)",142,303
"QP(RB,CD)",142,304
"VP(VBD,NP,S)",138,305
"NP(PRP$,JJ)",138,306
"VP(FW,NP)",138,307
"VP(VBZ,S,SBAR)",137,308
"S(NP,VP,VP)",136,309
"VP(VBN,PP,S)",135,310
"VP(VBP,RB,NP)",135,311
"WHNP(WDT,NNS)",134,312
"NP(DT,CD,NN)",132,313
"ADJP(NN,HYPH,VBG)",130,314
"NP(DT,NML,NNS)",130,315
"VP(VBP,ADJP,SBAR)",128,316
"NP(CD,JJ,NN)",128,317
"NP(JJ,ADJP,NNS)",126,318
"NP(NP,NN,NN)",125,319
"VP(VBP,PP,SBAR)",125,320
"NP(NN,HYPH,NNS)",123,321
"S(RB,NP,VP)",123,322
"NP(QP,NN)",123,323
"VP(VBD,NP,SBAR)",122,324
"NP(PRP$,NNP)",122,325
"NP(PRP$,ADJP,NN)",122,326
"VP(VBG,PRT,NP)",121,327
"NP(NP,FW,NP)",120,328
"NP(PRP$,NN,POS)",119,329
"NP(NNP,CD)",118,330
"NP(DT,NNS,NN)",118,331
"NP(DT,NNP,NNPS)",118,332
"NML(JJ,NNS)",117,333
"VP(TO,ADVP,VP)",115,334
"VP(NN,PP)",113,335
"PP(FW,NP)",113,336
"VP(ADVP,VBN)",113,337
"VP(VBP,PP,NP)",112,338
"NP(DT,CD)",112,339
"SBAR(WDT,S)",110,340
"NP(NML,NNP)",110,341
"NP(NP,PP,NP)",109,342
"NP(PRP$,NN,NNS)",108,343
"ADVP(RBS,RB)",106,344
"SINV(PP,VP,NP)",105,345
"ADJP(RB,RB,JJ)",104,346
"VP(VBG,ADVP,PP)",104,347
"VP(VBN,PRT)",104,348
"NP(NP,FW)",104,349
"NP(PRP$,NN,SBAR)",104,350
"NP(NP,FW,FW)",104,351
"VP(VBD,ADVP,NP)",104,352
"ADJP(JJ,HYPH,VBN)",102,353
"SBAR(SBAR,SBAR)",102,354
"NP(NNP,NNPS)",101,355
"NML(NN,CC,NN)",101,356
"WHADJP(WRB,JJ)",100,357
"VP(VBZ,PRT,NP)",100,358
"VP(VBD,ADVP,PP)",99,359
"NML(FW,FW)",99,360
"VP(VP,CC,PP)",98,361
"NP(NP,PP,ADVP)",98,362
"NP(NNP,HYPH,NNP)",97,363
"PP(ADVP,IN,S)",96,364
"NP(CD,DT)",96,365
"WHADVP(WRB,RB)",95,366
"SBAR(NP,S)",95,367
"VP(VBG,NP,ADVP)",94,368
"NP(PRP$,ADJP,NNS)",94,369
"NP(DT,JJS)",93,370
"VP(VBP,NP,ADVP)",93,371
"NP(JJS,NNS)",92,372
"S(PP,NP)",92,373
"NP(NP,WHNP)",91,374
"S(NP,PP)",91,375
"NP(NP,CC,PP)",91,376
"VP(VBN,PP,NP)",91,377
"NP(NNS,POS)",91,378
"NP(DT,JJR,NNS)",90,379
"NP(NP,PP,S)",90,380
"NP(NP,NN,SBAR)",89,381
"NP(NP,ADJP,NN)",89,382
"VP(VBD,PP,NP)",88,383
"QP(ADVP,CD)",88,384
"NML(NNP,HYPH,NNP)",87,385
"NP(VBG,NN)",87,386
"NP(NN,NNP)",87,387
"NP(NP,RB,NP)",87,388
"NP(DT,VBG)",86,389
"VP(VBN,NP,SBAR)",86,390
"NML(NML,PP)",86,391
"NP(DT,NN,NNP)",86,392
"NP(NN,NN,NN)",86,393
"VP(VBG,NP,NP)",86,394
"SBAR(IN,SBAR)",86,395
"PP(RB,IN,S)",85,396
"VP(VBZ,ADVP,S)",85,397
"VP(VBZ,PRT,S)",85,398
"NP(DT,NNS,POS)",85,399
"VP(VBZ,RB)",84,400
"ADJP(RB,JJ,S)",83,401
"NP(NN,SBAR)",83,402
"S(S,SBAR)",83,403
"WHNP(WP$,NNS)",82,404
"NP(NP,CC,SBAR)",81,405
"ADVP(IN,RB)",81,406
"VP(VBN,S,PP)",81,407
"S(S,S,S)",81,408
"VP(VB,PP,S)",81,409
"VP(VBN,ADVP,VP)",81,410
"NP(RB,NN)",80,411
"VP(VB,S,SBAR)",80,412
"WHADVP(RB,WRB)",79,413
"NP(NP,NN,S)",79,414
"VP(VBD,ADJP,PP)",78,415
"NML(CD,HYPH,NN)",78,416
"ADJP(RB,JJ,SBAR)",78,417
"NP(DT,NML,NNP)",76,418
"S(NP,S,VP)",76,419
"VP(VBP,RB)",76,420
"NP(NN,CC,NNS)",76,421
"NP(ADJP,JJ,NN)",75,422
"ADVP(RB,JJR)",75,423
"SQ(VBZ,NP)",75,424
"VP(VBG,PP,NP)",74,425
"NP(NNP,FW)",74,426
"SINV(ADVP,VP,NP)",73,427
"NP(DT,JJ,JJ)",73,428
"PP(IN,WHNP)",72,429
"NP(NP,CC,S)",72,430
"PP(VBN,PP)",72,431
"NP(PRP$,VBN,NN)",72,432
"ADJP(JJ,CC,VBN)",71,433
"VP(VB,PRT)",71,434
"NP(DT,NNP,NNS)",71,435
"VP(NN,NP)",71,436
"S(ADVP,NP)",70,437
"VP(VBN,S,SBAR)",70,438
"WHNP(NP,WHPP)",70,439
"NP(NP,ADVP,PP)",69,440
"PP(VBN,SBAR)",69,441
"VP(VBZ,RB,S)",69,442
"ADJP(RB,VBG)",68,443
"ADVP(JJ,PP)",68,444
"NP(DT,JJS,NNS)",68,445
"S(INTJ,NP,VP)",68,446
"SBAR(IN,SINV)",68,447
"S(IN,NP,VP)",67,448
"NP(ADJP,PP)",67,449
"VP(VBP,ADVP,SBAR)",67,450
"VP(VBP,NP,NP)",67,451
"VP(VB,PP,ADVP)",67,452
"VP(VP,NP)",67,453
"S(ADJP,VP)",66,454
"NP(NN,CD)",66,455
"PP(RB,PP)",66,456
"VP(VBN,PP,ADVP)",66,457
"VP(VBD,PP,SBAR)",66,458
"VP(VBN,NP,S)",66,459
"PP(PP,CONJP,PP)",65,460
"ADVP(ADVP,RB)",65,461
"VP(VBN,CC,VBN)",65,462
"S(NP,ADJP,SBAR)",65,463
"ADVP(NP,RB)",65,464
"VP(VBN,ADVP,SBAR)",64,465
"VP(VP,S)",64,466
"S(S,CC,NP)",64,467
"PP(JJ,PP)",64,468
"S(CC,VP)",64,469
"VP(VBP,PRT,NP)",63,470
"SQ(VBD,NP,VP)",63,471
"VP(VBZ,RB,SBAR)",63,472
"VP(VBD,NP,NP)",62,473
"NP(RB,NNS)",62,474
"NP(NN,JJ,NN)",62,475
"NP(NP,WHPP)",62,476
"NP(NP,ADVP,NP)",62,477
"S(NP,ADJP,S)",62,478
"QP(RB,DT)",61,479
"S(ADVP,SBAR,VP)",61,480
"VP(VBZ,PP,VP)",61,481
"VP(VBG,PP,SBAR)",60,482
"NP(NP,NNP,NNP)",60,483
"ADVP(FW,FW)",60,484
"VP(VB,PRT,PP)",60,485
"VP(VBD,ADVP,ADJP)",59,486
"ADVP(RB,RB,RB)",59,487
"VP(JJ,PP)",59,488
"NP(NP,NP,SBAR)",58,489
"VP(VBD,RB,NP)",58,490
"PP(CC,PP)",58,491
"NP(JJ,NNPS)",58,492
"ADVP(NP,RBR)",58,493
"VP(VBD,NP,ADVP)",57,494
"S(NP,SBAR)",57,495
"VP(VBZ,RB,PP)",57,496
"SBAR(WHNP,SBAR)",57,497
"VP(VBZ,PP,ADJP)",57,498
"VP(VB,PRT,SBAR)",57,499
"NP(PDT,DT)",56,500
"ADJP(JJ,CC,NN)",56,501
"SBAR(WHADJP,S)",56,502
"ADVP(RB,RB,PP)",56,503
"NP(DT,JJR)",55,504
"VP(TO,NP)",55,505
"VP(VBZ,S,S)",55,506
"VP(VBZ,PRT,PP)",55,507
"NP(NN,S)",55,508
"S(S,CC,SBAR)",54,509
"SINV(PP,VP)",54,510
"SBAR(SBAR,CC,S)",54,511
"PP(JJ,IN,S)",54,512
"PP(VBG,SBAR)",54,513
"NP(NN,NN,NNS)",53,514
"VP(VBN,NP,ADVP)",53,515
"SINV(VP,NP)",53,516
"ADJP(JJ,PP,PP)",53,517
"S(VP,VP)",52,518
"VP(VBG,ADVP,NP)",52,519
"NP(NP,NML)",52,520
"VP(VBZ,S,PP)",51,521
"VP(VB,S,PP)",51,522
"NP(NNP,PRP)",51,523
"ADJP(RBR,JJ,PP)",51,524
"NP(NNS,NN)",51,525
"NP(NP,JJ)",50,526
"VP(VBP,ADVP,S)",50,527
"VP(VBD,ADJP,SBAR)",50,528
"SBAR(WHNP,NP)",50,529
"NP(NNS,CC,NN)",50,530
"NP(RB,DT,NNS)",50,531
"ADJP(RB,RB)",49,532
"NP(NNP,FW,NNP)",49,533
"VP(VBZ,PP,ADVP)",49,534
"NP(IN,NN)",49,535
"NP(ADJP,NN,NNS)",49,536
"VP(VB,SBAR,SBAR)",49,537
"ADJP(RB,VBN,PP)",48,538
"ADJP(NN,HYPH,NN)",47,539
"S(SBAR,ADVP,VP)",47,540
"NP(ADVP,DT,NN)",47,541
"NP(CC,NP)",46,542
"NML(NML,HYPH,PP)",46,543
"NML(NNP,CC,NNP)",46,544
"ADJP(JJ,RB,S)",46,545
"VP(VBP,PP,S)",46,546
"VP(VBZ,ADJP,ADVP)",46,547
"SQ(VBZ,NP,NP)",46,548
"NP(NP,SBARQ)",46,549
"NP(RB,JJ,NNS)",45,550
"S(S,RB,S)",45,551
"NP(NNP,FW,FW)",45,552
"NP(NP,CC,VP)",45,553
"ADJP(JJR,CC,JJR)",45,554
"NP(DT,VBN)",44,555
"ADJP(JJ,CC,RB)",44,556
"ADJP(JJ,NP)",44,557
"VP(VBZ,NP,VP)",43,558
"NP(NP,HYPH,PP)",43,559
"NP(ADVP,PP)",43,560
"NML(NML,NN)",43,561
"ADJP(RB,NN)",42,562
"ADJP(ADJP,JJ)",42,563
"NP(NNS,NNS)",42,564
"VP(VBN,ADJP,PP)",42,565
"ADJP(FW,FW,FW)",42,566
"NP(PRP$,NML)",42,567
"VP(VB,PRT,S)",42,568
"VP(VB,ADVP,S)",42,569
"NP(NP,UCP)",42,570
"SBARQ(CC,WHADVP,SQ)",41,571
"SBAR(IN,PP)",41,572
"NP(NP,ADJP,NNS)",41,573
"NP(DT,HYPH,NN)",41,574
"ADJP(RB,RBR,JJ)",41,575
"WHNP(WP$,JJ,NN)",41,576
"VP(VBZ,PRT)",41,577
"ADJP(NP,JJ)",41,578
"NP(QP,JJ,NNS)",41,579
"NP(NP,CC,NN)",41,580
"S(PP,ADVP,VP)",41,581
"VP(POS,NP)",41,582
"WHNP(WDT,JJ,NN)",41,583
"NP(NNP,JJ,NN)",41,584
"VP(VBD,PP,S)",41,585
"NP(FW,NNP)",41,586
"PP(PP,SBAR)",41,587
"NP(NP,NP,VP)",41,588
"NP(NP,NN,NNS)",40,589
"NP(JJ,NML,NNS)",40,590
"ADJP(JJR,PP)",40,591
"SBAR(ADVP,S)",40,592
"VP(NN,SBAR)",40,593
"ADJP(ADVP,PP)",40,594
"VP(MD,NP,VP)",39,595
"VP(VBP,PP,VP)",39,596
"VP(VBG,ADJP,PP)",39,597
"VP(MD,RB)",39,598
"S(CC,SBAR,VP)",39,599
"ADJP(NN,JJ)",39,600
"SBAR(SBAR,S)",39,601
"ADJP(JJ,RB)",39,602
"S(S,CC,SINV)",39,603
"NP(PRP$,VBG,NN)",39,604
"S(ADVP,S,VP)",39,605
"NP(PRP$,VBN,NNS)",38,606
"NP(CC,NNS)",38,607
"NP(JJS,NN)",38,608
"NP(PDT,PRP$,NNS)",38,609
"ADVP(RB,RB,JJ)",38,610
"WHNP(WDT,JJ,NNS)",38,611
"VP(VBN,ADVP,S)",38,612
"NML(JJ,NNP)",38,613
"NP(JJ,HYPH,NN)",38,614
"NP(ADJP,DT,NN)",38,615
"VP(VB,CC,VB)",38,616
"VP(VBD,PRT,NP)",38,617
"ADJP(ADVP,JJ,PP)",38,618
"PP(TO,NP)",37,619
"VP(VBG,PRT)",37,620
"FRAG(NP,NP)",36,621
"NP(NNS,S)",36,622
"VP(VBG,ADVP,VP)",36,623
"NP(VBN,JJ,NNS)",36,624
"S(S,ADVP,VP)",36,625
"NP(DT,RB)",36,626
"NP(ADVP,NP)",36,627
"NP(NN,RB)",35,628
"ADJP(ADJP,NP)",35,629
"ADJP(VBN,CC,JJ)",35,630
"S(PP,S,VP)",35,631
"VP(NNS,PP)",35,632
"NP(NN,JJ,NNS)",35,633
"NP(NP,CC,ADVP)",35,634
"NML(NN,NNS)",35,635
"FRAG(NP,S)",34,636
"QP(JJR,IN,CD)",34,637
"ADJP(ADJP,ADJP)",34,638
"NML(NNP,NNP,NNP)",34,639
"SBAR(RB,IN,S)",34,640
"NP(PRP$,JJS,NN)",34,641
"NP(RB,DT)",34,642
"S(ADJP,NP,VP)",34,643
"ADVP(RB,JJ)",34,644
"VP(VBD,RB,ADJP)",34,645
"S(NP,ADVP)",34,646
"PP(IN,NN)",33,647
"WHNP(WHNP,WHPP)",33,648
"ADJP(VBN,S)",33,649
"VP(VBZ,PRT,SBAR)",33,650
"NP(ADJP,FW,FW)",33,651
"PP(RP,PP)",33,652
"SINV(MD,NP,VP)",33,653
"ADJP(JJ,NN)",33,654
"SBAR(JJ,IN,S)",33,655
"NP(NP,VBN,NN)",33,656
"NP(JJ,NML)",32,657
"VP(VBN,ADVP,NP)",32,658
"VP(NNS,NP)",32,659
"VP(VB,S,S)",32,660
"VP(VBG,CC,VBG)",32,661
"VP(VBD,ADVP,SBAR)",32,662
"NP(PRP$,JJR,NN)",32,663
"VP(VB,ADJP,ADVP)",32,664
"NP(DT,NNS,SBAR)",32,665
"VP(ADVP,VBN,S)",32,666
"NML(NNP,NN)",32,667
"NP(JJR,JJ,NNS)",31,668
"ADVP(RB,SBAR)",31,669
"NP(NNP,NNP,NN)",31,670
"ADJP(DT,JJR)",31,671
"ADJP(JJ,CC,VBG)",31,672
"NP(PRP$,NML,NN)",31,673
"SQ(VBZ,NP,ADJP)",31,674
"ADVP(DT,NN,SBAR)",31,675
"SINV(ADJP,VP,NP)",31,676
"ADJP(RB,HYPH,JJ)",31,677
"NP(DT,NN,RB)",31,678
"VP(VP,SBAR)",31,679
"ADJP(JJ,HYPH,NN)",31,680
"VP(VP,CC,NP)",31,681
"ADJP(ADJP,CC,PP)",31,682
"NML(NML,NNP)",31,683
"VP(VBG,PRT,PP)",30,684
"SBAR(PP,S)",30,685
"NP(DT,HYPH,NNS)",30,686
"NML(NML,NML)",30,687
"NP(DT,JJ,NML)",30,688
"NP(NP,PRN,PP)",30,689
"NP(DT,ADJP,NNP)",30,690
"VP(MD,PP)",30,691
"QP(CD,CD)",30,692
"NP(ADVP,NN)",30,693
"NP(NML,NNP,NNP)",30,694
"NP(CD,ADJP,NNS)",30,695
"PP(ADVP,PP)",30,696
"NP(ADJP,FW)",30,697
"NP(DT,NNS,NNS)",30,698
"ADVP(RB,RB,SBAR)",29,699
"NP(PDT,PRP$,NN)",29,700
"SBAR(IN,CC,SBAR)",29,701
"NP(NP,PP,VP)",29,702
"VP(VBD,ADVP,S)",29,703
"NP(NML,JJ,NNS)",29,704
"NP(NNP,CC,NN)",29,705
"S(ADVP,ADVP,VP)",29,706
"VP(VBP,S,SBAR)",29,707
"NP(QP,JJ,NN)",29,708
"NP(NP,ADVP,VP)",29,709
"ADJP(NNP,HYPH,JJ)",29,710
"ADJP(RBS,VBN)",29,711
"ADJP(RBS,JJ,PP)",29,712
"NP(NN,PRP)",29,713
"VP(VBN,NP,NP)",29,714
"WHADVP(WRB,JJ)",29,715
"S(NP,S)",29,716
"VP(ADVP,VBG,NP)",29,717
"VP(VBP,PP,ADJP)",29,718
"VP(VBZ,SBARQ)",28,719
"NP(PRP$,NN,NNP)",28,720
"VP(VBP,PRT,S)",28,721
"VP(VBD,PP,VP)",28,722
"NP(NP,NP,NN)",28,723
"SBAR(IN,NN)",28,724
"S(PP,VP,NP)",28,725
"ADVP(IN,PP)",28,726
"VP(MD,NP)",28,727
"NML(NNP,HYPH,NN)",28,728
"SBAR(DT,S)",28,729
"PP(PP,CONJP,NP)",28,730
"VP(VBP,RB,PP)",28,731
"VP(VBG,PRT,SBAR)",28,732
"VP(VBN,PRT,SBAR)",28,733
"NP(NN,CC,NNP)",28,734
"SINV(VBD,NP,VP)",27,735
"ADVP(RB,IN)",27,736
"VP(FW,HYPH,VP)",27,737
"NP(NP,IN,NP)",27,738
"S(WHNP,VP)",27,739
"S(CC,S,VP)",27,740
"UCP(ADJP,CC,PP)",27,741
"PP(PP,CC,SBAR)",27,742
"NP(ADJP,NNP)",27,743
"PP(NP,IN,NP)",27,744
"NP(PRP$,VBG,NNS)",27,745
"S(NP,RB,VP)",27,746
"NP(CC,NN)",27,747
"NP(PRP$,NNP,NNP)",27,748
"PP(IN,UCP)",27,749
"ADJP(ADJP,CC,NP)",27,750
"NP(JJ,NN,S)",27,751
"VP(VBD,PRT,PP)",27,752
"NP(NNP,NN,NN)",27,753
"VP(VBZ,ADJP,NP)",27,754
"ADJP(JJ,CC,DT)",27,755
"NP(PRP$,NML,NNS)",26,756
"NP(NNP,RB)",26,757
"NP(JJ,NN,SBAR)",26,758
"NP(ADJP,SBAR)",26,759
"S(NP,CONJP,VP)",26,760
"NP(WDT,NN)",26,761
"VP(NP,PP)",26,762
"VP(NN,S)",26,763
"NP(DT,DT,NN)",26,764
"VP(VBD,ADJP,S)",26,765
"CONJP(IN,RB)",26,766
"VP(VBP,PP,ADVP)",26,767
"ADJP(RBR,VBN)",26,768
"VP(VBN,PRT,NP)",26,769
"ADJP(VBN,CC,VBN)",26,770
"S(ADVP,SBAR)",25,771
"QP(CD,CC,CD)",25,772
"PP(CONJP,PP)",25,773
"SQ(VBP,NP)",25,774
"NP(PRP$,JJ,NNP)",25,775
"NP(NP,CC,ADJP)",25,776
"SBARQ(CC,WHNP,SQ)",25,777
"PRN(CC,S)",25,778
"VP(VBZ,SBAR,SBAR)",25,779
"NP(NML,FW)",25,780
"S(SBAR,NP)",25,781
"QP(ADVP,DT)",25,782
"ADJP(RB,RBR)",25,783
"ADJP(ADJP,CC,VP)",25,784
"VP(VBZ,UCP)",25,785
"NP(NP,INTJ)",25,786
"VP(VBP,ADJP,ADVP)",25,787
"S(PP,S,S)",25,788
"PP(PP,RB,PP)",25,789
"VP(VBG,ADVP,SBAR)",25,790
"VP(MD,PRN,VP)",24,791
"SBAR(SBAR,CC,PP)",24,792
"NP(JJ,ADJP,NN)",24,793
"PP(IN,IN,S)",24,794
"NP(NML,JJ,NN)",24,795
"NP(NP,ADJP,PP)",24,796
"VP(VP,CC,S)",24,797
"NP(NP,CONJP,PP)",24,798
"VP(VBG,PP,S)",24,799
"S(ADVP,S)",24,800
"ADJP(ADJP,CONJP,ADJP)",24,801
"QP(CD,CC,JJR)",24,802
"VP(VBZ,ADVP,ADVP)",24,803
"S(NP,CC,S)",24,804
"PP(CC,IN,NP)",24,805
"SBAR(WHADVP,NP)",24,806
"VP(VP,CC,ADJP)",24,807
"WHPP(IN,SBAR)",24,808
"VP(NN,VP)",24,809
"VP(VB,NP,PRT)",24,810
"SBAR(IN,CC,RB)",24,811
"NP(NP,NML,NN)",23,812
"VP(VP,CONJP,VP)",23,813
"NP(NML,FW,FW)",23,814
"NP(PRP$,JJS,NNS)",23,815
"PP(PP,NP)",23,816
"PP(PP,CC,ADVP)",23,817
"ADVP(RB,RBR,JJ)",23,818
"VP(VBN,S,S)",23,819
"NP(FW,NN)",23,820
"NP(JJ,NNS,POS)",23,821
"ADVP(JJR,PP)",23,822
"NP(PRP$,JJR,NNS)",23,823
"NP(NN,NP)",23,824
"VP(VP,CC,SBAR)",23,825
"VP(VP,ADVP,VP)",22,826
"PP(PP,CC,NP)",22,827
"PP(ADVP,IN,PP)",22,828
"ADJP(NN,PP)",22,829
"ADVP(RB,WRB)",22,830
"ADJP(CD,HYPH,VBN)",22,831
"NP(NN,HYPH,VBG)",22,832
"WHNP(WHNP,SBAR)",22,833
"NP(DT,JJ,NNPS)",22,834
"S(S,CC,SQ)",22,835
"SBAR(RB,S)",22,836
"NP(VBN,JJ,NN)",22,837
"NML(FW,HYPH,FW)",22,838
"VP(VBD,S,SBAR)",22,839
"ADVP(DT,RB)",22,840
"SBAR(WHNP,SBAR,VP)",22,841
"VP(VBZ,SBAR,S)",22,842
"SBARQ(WHNP,VP)",22,843
"NP(JJ,NML,NN)",22,844
"NP(JJ,NNS,S)",21,845
"NP(NNP,CC,NNS)",21,846
"NP(PRP,NNP)",21,847
"NP(ADJP,NP)",21,848
"S(CC,NP)",21,849
"ADJP(RB,HYPH,VBG)",21,850
"PP(IN,NML)",21,851
"PP(IN,JJ)",21,852
"S(PRN,VP)",21,853
"NP(ADVP,NP,PP)",21,854
"NP(NNP,HYPH,NN)",21,855
"S(PP,SBAR,VP)",21,856
"S(NP,ADJP,VP)",21,857
"S(ADVP,PP)",21,858
"NP(DT,NN,FW)",21,859
"QP(CD,HYPH,CD)",21,860
"ADJP(RBR,JJ,S)",21,861
"NP(NP,ADVP,SBAR)",21,862
"NP(PRP,NN)",21,863
"VP(VBG,PP,ADVP)",21,864
"ADJP(CD,HYPH,JJ)",21,865
"S(ADJP,NP)",21,866
"NP(NP,NP,S)",21,867
"ADJP(JJR,CC,RBR)",21,868
"VP(VBP,ADVP,ADVP)",21,869
"SBAR(IN,NP,VP)",21,870
"WHNP(NP,PP)",21,871
"S(PP,S)",21,872
"VP(MD,CC,VP)",21,873
"NP(PRP,CC,PRP)",21,874
"ADVP(RB,RBR,RB)",20,875
"NP(NP,SQ)",20,876
"ADJP(ADVP,SBAR)",20,877
"ADVP(DT,NN)",20,878
"S(ADVP,PP,VP)",20,879
"SBAR(SBAR,CC,NP)",20,880
"SBAR(WHADVP,FRAG)",20,881
"PP(IN,INTJ,NP)",20,882
"NP(JJ,VBN,NNS)",20,883
"S(SBAR,S)",20,884
"VP(VBP,PRT,PP)",20,885
"PP(PP,ADJP)",20,886
"NP(NP,SYM,NP)",20,887
"SQ(VBP,NP,NP)",20,888
"NP(DT,VP)",20,889
"NP(NNS,SBAR)",20,890
"NP(RB,DT,JJ)",20,891
"NML(JJ,JJ)",20,892
"NP(ADVP,NNS)",20,893
"ADJP(RB,DT)",20,894
"PP(IN,CC,NP)",20,895
"S(S,PP)",20,896
"VP(VB,RB,VP)",20,897
"NP(DT,PRP)",20,898
"ADJP(ADVP,VBN)",20,899
"VP(VBD,PRT)",20,900
"WHNP(WP$,JJ,NNS)",20,901
"ADVP(RP,PP)",20,902
"NP(DT,CC,NN)",20,903
"ADVP(RBR,CC,RBR)",19,904
"ADJP(FW,HYPH,FW)",19,905
"SBARQ(SBAR,WHADVP,SQ)",19,906
"WHNP(WRB,JJ)",19,907
"ADJP(DT,JJ)",19,908
"ADJP(JJ,CC,ADJP)",19,909
"NP(DT,JJ,CD)",19,910
"NP(ADJP,NN,NN)",19,911
"ADJP(ADJP,PP,PP)",19,912
"NP(DT,FW,FW)",19,913
"S(PP,SBAR)",19,914
"SBARQ(WHNP,S)",19,915
"PP(IN,ADVP,NP)",19,916
"SBAR(WHPP,NP)",19,917
"ADJP(DT,HYPH,JJ)",19,918
"NP(NNP,NP)",19,919
"NP(DT,NN,JJ)",19,920
"VP(VB,NP,ADJP)",19,921
"VP(VB,HYPH,ADJP)",19,922
"S(S,CC,VP)",19,923
"VP(VB,SBAR,S)",19,924
"S(S,PRN)",19,925
"NP(VBN,NN,NNS)",18,926
"VP(VBZ,CC,NP)",18,927
"NP(CD,NN,NNS)",18,928
"ADVP(RBR,PP)",18,929
"VP(VBZ,NP,ADJP)",18,930
"VP(VB,NP,VP)",18,931
"ADJP(ADJP,CC,ADVP)",18,932
"SINV(ADVP,VP)",18,933
"S(CC,SBAR)",18,934
"VP(VB,HYPH,VP)",18,935
"VP(VBD,S,PP)",18,936
"NP(PRP$,NNS,POS)",18,937
"ADVP(FW,FW,FW)",18,938
"NP(JJ,JJ)",18,939
"S(SINV,NP,VP)",18,940
"ADJP(JJ,HYPH,VBG)",18,941
"SBAR(IN,VP)",18,942
"WHNP(WHADJP,NNS)",18,943
"S(CC,S,S)",18,944
"NP(JJ,NN,POS)",17,945
"WHNP(WDT,S)",17,946
"INTJ(FW,FW)",17,947
"VP(VBZ,SBAR,NP)",17,948
"NP(RB,JJ,NN)",17,949
"VP(VBP,CC,VBP)",17,950
"PP(RB,IN)",17,951
"S(SBAR,SBAR,VP)",17,952
"VP(VP,VP,VP)",17,953
"ADVP(RB,IN,NP)",17,954
"NP(DT,NNPS,POS)",17,955
"NP(NP,RB)",17,956
"NP(NNP,JJ,NNS)",17,957
"NP(NP,NNPS)",17,958
"NP(PRP$,NNPS)",17,959
"S(PP,VP,VP)",17,960
"VP(VBP,ADJP,S)",17,961
"NP(NN,NNP,NNP)",17,962
"NP(JJ,NNS,NNS)",17,963
"VP(VP,PP)",17,964
"NP(DT,SBAR)",17,965
"NP(DT,RB,NN)",17,966
"SBAR(SBAR,CC,ADVP)",17,967
"SBAR(WHNP,S,VP)",17,968
"VP(MD,SBAR)",17,969
"ADJP(NNP,JJ)",17,970
"NP(SBAR,NP)",17,971
"ADJP(JJS,JJ)",16,972
"VP(VBD,PRT,S)",16,973
"VP(VBP,NP,ADJP)",16,974
"NP(NP,JJ,NNP)",16,975
"NP(S,NP)",16,976
"NP(DT,NNS,S)",16,977
"NML(JJ,HYPH,JJ)",16,978
"UCP(JJ,CC,JJ)",16,979
"ADVP(ADJP,PP)",16,980
"NP(NP,SBAR,PP)",16,981
"NP(RB,NNP)",16,982
"NP(JJ,NNP,NNS)",16,983
"PP(PP,CC,VP)",16,984
"S(NP,CC,VP)",16,985
"NP(NP,INTJ,NP)",16,986
"ADJP(RB,RB,VBN)",16,987
"NP(CD,NNP)",16,988
"S(SINV,S)",16,989
"PP(PP,ADVP)",16,990
"PP(UH,NP)",16,991
"S(PP,PP,VP)",16,992
"ADVP(DT,JJR)",16,993
"ADVP(RB,IN,S)",16,994
"SBAR(ADVP,WHADVP,S)",16,995
"VP(VBN,ADJP,SBAR)",16,996
"NP(DT,NN,NP)",16,997
"S(S,SQ)",16,998
"ADJP(DT,CC,JJ)",16,999
"S(ADJP,SBAR)",16,1000
"UCP(ADVP,CC,PP)",16,1001
"NP(JJ,VBG)",16,1002
"FRAG(ADVP,NP)",16,1003
"VP(VBZ,CC,VBZ)",16,1004
"NP(NP,FRAG)",16,1005
"VP(VBZ,ADJP,VP)",16,1006
"NP(LS,NNP)",16,1007
"ADJP(RBR,VBN,PP)",16,1008
"WHADVP(WRB,CC,WRB)",16,1009
"NP(NP,VBG,NN)",16,1010
"VP(NNS,S)",16,1011
"S(SBAR,PP,VP)",15,1012
"VP(VBN,UCP)",15,1013
"NP(JJ,NNS,NN)",15,1014
"NP(ADVP,SBAR)",15,1015
"S(SBAR,S,VP)",15,1016
"S(CC,PP,VP)",15,1017
"SBAR(WHNP,PP,VP)",15,1018
"NP(CD,ADJP,NN)",15,1019
"VP(VBP,S,PP)",15,1020
"S(SINV,CC,S)",15,1021
"NP(NP,NP,FW)",15,1022
"NP(NNPS,NNP)",15,1023
"NP(PRP$,NNS,S)",15,1024
"NP(DT,FW)",15,1025
"CONJP(IN,CC,RB)",15,1026
"NP(JJS,JJ,NNS)",15,1027
"SINV(VP,VP,NP)",15,1028
"ADVP(ADVP,IN,S)",15,1029
"NP(DT,VBN,NNP)",15,1030
"ADJP(NP,HYPH,VBN)",15,1031
"S(SBAR,CC,S)",15,1032
"SQ(VBZ,NP,SBAR)",15,1033
"NP(PRP$,JJS)",15,1034
"NP(PRP$,CD,NNS)",15,1035
"NP(NNP,NNP,FW)",15,1036
"ADJP(JJ,JJ,PP)",15,1037
"VP(VBZ,PRN,NP)",15,1038
"VP(VB,UCP)",15,1039
"NP(PRP,NNS)",15,1040
"NML(NN,CC,JJ)",15,1041
"NP(JJ,NNP,NNP)",14,1042
"NML(NN,HYPH,JJ)",14,1043
"NP(NP,POS,NN)",14,1044
"PRN(S,NP)",14,1045
"PP(JJ,IN,SBAR)",14,1046
"ADJP(NN,VBN)",14,1047
"VP(VBN,ADJP,S)",14,1048
"S(INTJ,VP)",14,1049
"NP(CC,DT,NNS)",14,1050
"ADJP(RBR,CC,RBR)",14,1051
"NP(UCP,NN)",14,1052
"VP(VBZ,ADJP,ADJP)",14,1053
"S(CC,ADVP,VP)",14,1054
"SBAR(WHNP,VP)",14,1055
"UCP(ADJP,CC,ADJP)",14,1056
"NP(NP,JJR,NN)",14,1057
"UCP(JJ,CC,NN)",14,1058
"ADJP(JJR,JJ)",14,1059
"NML(CD,HYPH,CD)",14,1060
"VP(NNS,SBAR)",14,1061
"ADJP(VBN,SBAR)",14,1062
"NP(VBG,JJ,NNS)",14,1063
"ADJP(ADJP,S)",14,1064
"NP(PRP,DT)",14,1065
"SBAR(WHNP,PP)",14,1066
"ADJP(JJ,CC)",14,1067
"NP(DT,PP)",14,1068
"NP(WHNP,SBAR)",14,1069
"NP(PRP$,NNP,NN)",14,1070
"NP(NP,CONJP)",14,1071
"SBAR(SBAR,CC,VP)",14,1072
"UCP(NP,CC,PP)",14,1073
"NP(NP,NML,NNS)",13,1074
"PP(IN,IN)",13,1075
"NP(NP,VP,NP)",13,1076
"VP(VP,CC,ADVP)",13,1077
"FRAG(PP,NP)",13,1078
"NML(NN,HYPH,NNP)",13,1079
"VP(VBG,ADVP,S)",13,1080
"VP(VBP,NP,VP)",13,1081
"VP(VBG,NP,PRT)",13,1082
"NP(NP,S,S)",13,1083
"NP(JJ,HYPH,NNS)",13,1084
"VP(ADVP,VBG,PP)",13,1085
"ADVP(ADVP,CC,PP)",13,1086
"ADJP(JJ,VBN)",13,1087
"ADJP(NP,HYPH,JJ)",13,1088
"ADJP(JJ,ADJP)",13,1089
"VP(VBP,ADJP,NP)",13,1090
"NP(RB,HYPH,NN)",13,1091
"SQ(VBP,NP,ADJP)",13,1092
"VP(PP,SBAR)",13,1093
"PP(ADVP,CC,PP)",13,1094
"PP(PP,VP)",13,1095
"VP(VBZ,RB,ADVP)",13,1096
"SBAR(ADVP,SBAR)",13,1097
"NP(ADJP,ADJP,NNS)",13,1098
"NP(NNP,NN,NNS)",13,1099
"NP(FW,NNS)",13,1100
"NP(ADJP,ADJP)",13,1101
"ADJP(NN,CC,JJ)",13,1102
"VP(VB,ADJP,NP)",13,1103
"S(S,CC,PP)",13,1104
"ADJP(ADVP,RB,JJ)",13,1105
"ADJP(JJ,ADVP,PP)",13,1106
"SBAR(WHNP,SQ)",13,1107
"ADJP(NNP,HYPH,VBN)",13,1108
"NP(NNP,VBZ)",13,1109
"VP(CC,VP)",13,1110
"VP(VBD,RB,PP)",13,1111
"S(S,PP,VP)",13,1112
"NP(VBN,NN,NN)",13,1113
"S(ADVP,S,S)",13,1114
"NP(DT,S)",13,1115
"VP(VB,ADVP,ADVP)",13,1116
"VP(VBP,PRT)",13,1117
"NP(NP,FW,NNP)",13,1118
"CONJP(RB,IN,NP)",13,1119
"NP(NP,CC,NNS)",13,1120
"VP(VBN,PRT,S)",13,1121
"NP(NNP,POS,NN)",13,1122
"VP(VBP,UCP)",13,1123
"SBAR(CONJP,IN,S)",13,1124
"NP(PRP$,JJ,NML)",13,1125
"NP(RB,PRP)",13,1126
"NP(S,CC,NP)",12,1127
"NP(NN,DT,NN)",12,1128
"NP(NML,NN,NN)",12,1129
"VP(IN,VP)",12,1130
"S(S,SINV)",12,1131
"VP(MD,SBAR,VP)",12,1132
"NP(NP,NN,NP)",12,1133
"VP(VBN,ADVP,ADVP)",12,1134
"SBAR(WHNP,FRAG)",12,1135
"NP(DT,QP,NNS)",12,1136
"NP(NNS,NNP)",12,1137
"NP(NP,HYPH,VP)",12,1138
"NP(NN,ADJP)",12,1139
"NP(DT,NN,VBZ)",12,1140
"SQ(VBD,NP)",12,1141
"NP(JJ,CC,NN)",12,1142
"NP(CONJP,NP)",12,1143
"VP(VBN,SBAR,PP)",12,1144
"NP(NP,PRN,SBAR)",12,1145
"QP(RB,PDT)",12,1146
"NP(NN,UH)",12,1147
"ADJP(JJ,RB,PP)",12,1148
"VP(VB,SBAR,PP)",12,1149
"NP(JJR,JJ,NN)",12,1150
"VP(ADVP,VP)",12,1151
"S(VP,NP,VP)",12,1152
"VP(FW,FW,NP)",12,1153
"VP(RB,VBN,PP)",12,1154
"NP(NP,UH)",12,1155
"SINV(VBZ,NP,VP)",12,1156
"NP(NP,VP,PP)",12,1157
"ADJP(JJ,ADVP)",12,1158
"ADVP(CC,RB)",12,1159
"S(ADJP,PP)",12,1160
"NP(NNP,NNP,CD)",12,1161
"PP(CONJP,IN,NP)",12,1162
"SBAR(CC,IN,S)",12,1163
"NP(NML,PP)",12,1164
"NP(NP,NN,NNP)",12,1165
"NP(NNP,JJ)",12,1166
"NP(VBG,NN,NNS)",12,1167
"NP(NP,NNP,NN)",12,1168
"NML(NML,HYPH,NN)",12,1169
"VP(FW,NP,NP)",12,1170
"UCP(PP,CC,ADVP)",12,1171
"NP(NN,CC,JJ)",12,1172
"ADVP(RB,NN)",12,1173
"PP(IN,NP,NP)",12,1174
"NP(DT,VBN,JJ)",11,1175
"NP(DT,DT)",11,1176
"ADJP(NN,HYPH,RB)",11,1177
"NP(CD,HYPH,NN)",11,1178
"NP(CD,NN,NN)",11,1179
"VP(VBN,PRT,ADVP)",11,1180
"NP(CC,DT,NN)",11,1181
"ADJP(ADJP,CC,JJ)",11,1182
"ADJP(NN,HYPH,RP)",11,1183
"NP(PDT,JJ,NNS)",11,1184
"PP(IN,SBARQ)",11,1185
"NP(CD,VBG,NNS)",11,1186
"UCP(ADJP,CC,VP)",11,1187
"NP(NML,CC,NP)",11,1188
"FRAG(NP,PP)",11,1189
"NP(DT,ADJP,JJ)",11,1190
"NP(RB,ADJP,NNS)",11,1191
"NP(NN,JJ,POS)",11,1192
"VP(VBG,UCP)",11,1193
"NP(NN,VBG)",11,1194
"ADVP(RB,VBN)",11,1195
"S(SBAR,S,S)",11,1196
"NML(FW,FW,FW)",11,1197
"NP(PRP$,NNS,NN)",11,1198
"VP(VBD,PRT,SBAR)",11,1199
"VP(VBD,PP,ADVP)",11,1200
"SBARQ(PP,SQ)",11,1201
"ADJP(JJ,RB,JJ)",11,1202
"ADVP(DT,RBR,JJ)",11,1203
"ADJP(ADJP,CONJP,NP)",11,1204
"NP(PDT,DT,JJ)",11,1205
"NP(UH,UH)",11,1206
"SQ(MD,NP)",11,1207
"NML(NNP,NNPS)",11,1208
"NP(NN,VBZ)",11,1209
"NP(NP,NP,ADJP)",11,1210
"NML(NN,JJ)",11,1211
"SBAR(CC,SBAR)",11,1212
"NP(NP,NFP,NP)",11,1213
"VP(VB,S,NP)",11,1214
"NML(NML,NNS)",11,1215
"VP(NN,PP,PP)",11,1216
"PP(PP,CC,ADJP)",11,1217
"PP(NP,PP)",11,1218
"VP(VBG,ADVP,ADJP)",11,1219
"S(S,FRAG)",11,1220
"NP(NP,SBAR,SBAR)",11,1221
"NP(CC,ADJP,NNS)",11,1222
"VP(NN,NP,PP)",10,1223
"NP(FW,HYPH,FW)",10,1224
"S(NP,ADJP,PP)",10,1225
"NP(NP,ADVP,S)",10,1226
"S(NP,DT,VP)",10,1227
"SBAR(IN,ADJP)",10,1228
"S(SBAR,SBAR)",10,1229
"NP(NP,NML,NNP)",10,1230
"PP(PP,IN,NP)",10,1231
"ADVP(RB,VBG)",10,1232
"ADVP(ADVP,CC,RB)",10,1233
"SBARQ(SBAR,WHNP,SQ)",10,1234
"ADJP(RB,HYPH,NN)",10,1235
"NP(NN,FW)",10,1236
"ADJP(JJ,JJ,JJ)",10,1237
"SBAR(IN,RB)",10,1238
"NP(PRP$,VBG)",10,1239
"S(VP,CC,VP)",10,1240
"VP(VBZ,CONJP,VP)",10,1241
"NP(DT,NP)",10,1242
"NP(NP,RB,VP)",10,1243
"NP(ADVP,DT,NNS)",10,1244
"VP(VBN,SBAR,SBAR)",10,1245
"NP(NML,NN,NNS)",10,1246
"WHNP(WHADJP,NN)",10,1247
"NP(NP,PRN,NP)",10,1248
"NP(JJ,VBG,NNS)",10,1249
"NML(NP,CC,NML)",10,1250
"VP(VBG,CC,NN)",10,1251
"FRAG(NP,VP)",10,1252
"NP(JJ,JJ,NNP)",10,1253
"NP(NNPS,CC,NNPS)",10,1254
"SINV(VBP,NP,VP)",10,1255
"VP(VBD,S,S)",10,1256
"FRAG(INTJ,NP)",10,1257
"WHNP(WDT,NN,NN)",10,1258
"NP(NN,CC,NP)",10,1259
"SINV(VBZ,NP)",10,1260
"S(VP,NP)",10,1261
"NP(UCP,NNS)",10,1262
"NP(UH,NN)",10,1263
"ADJP(RBR,RB,JJ)",10,1264
"ADVP(RB,CC,JJ)",10,1265
"NP(FW,FW,NNP)",10,1266
"PP(IN,PP,NP)",10,1267
"SINV(VBD,NP)",10,1268
"S(S,ADVP,S)",10,1269
"FRAG(NP,ADVP)",10,1270
"VP(VBZ,CC,VP)",10,1271
"NP(PRP,CC,NNP)",10,1272
"SQ(VBZ,VP)",10,1273
"NP(RB,NNP,NNP)",10,1274
"S(NP,NP,SBAR)",10,1275
"VP(VB,PRN,SBAR)",10,1276
"NP(PRP$,ADJP)",10,1277
"UCP(NN,CC,JJ)",10,1278
"NML(ADJP,NN)",10,1279
"ADJP(CC,JJ)",10,1280
"ADJP(NP,PP)",10,1281
"S(LST,NP,VP)",10,1282
"SQ(VBD,NP,NP)",10,1283
"PP(PP,S)",10,1284
"VP(VBZ,INTJ)",10,1285
"VP(VBZ,PRN,ADJP)",10,1286
"VP(ADVP,VBD)",10,1287
"ADJP(NN,ADJP)",10,1288
"NP(NP,VBN,NNS)",10,1289
"S(ADVP,VP,VP)",10,1290
"UCP(ADJP,CC,NP)",10,1291
"NP(NP,CC,JJ)",9,1292
"PP(SYM,NP)",9,1293
"NP(ADJP,CC,NP)",9,1294
"FRAG(CC,NP)",9,1295
"PP(IN,HYPH,S)",9,1296
"NP(DT,NNP,FW)",9,1297
"S(NML,VP)",9,1298
"VP(NNP,NP)",9,1299
"SBAR(CC,S)",9,1300
"SBAR(IN,NN,SBAR)",9,1301
"NP(FW,FW,NN)",9,1302
"NP(IN,NP)",9,1303
"NP(NML,NNPS)",9,1304
"QP(CC,DT)",9,1305
"SQ(MD,VP)",9,1306
"FRAG(RB,ADJP)",9,1307
"NP(NP,FW,PP)",9,1308
"NP(NP,FW,SBAR)",9,1309
"NML(JJR,HYPH,NN)",9,1310
"NP(NP,VBG,NNS)",9,1311
"NP(NN,HYPH,JJ)",9,1312
"ADVP(JJR,CC,JJR)",9,1313
"PP(IN,RB)",9,1314
"NP(NP,NNS,S)",9,1315
"NP(NP,DT,NNP)",9,1316
"NP(NP,JJR,NNS)",9,1317
"NP(JJ,JJR,NNS)",9,1318
"VP(ADVP,VBN,SBAR)",9,1319
"VP(VBP,RB,S)",9,1320
"S(CC,PP)",9,1321
"VP(VBD,RB)",9,1322
"ADVP(IN,RBS)",9,1323
"NP(JJ,CC,NNP)",9,1324
"VP(PP,NP)",9,1325
"NP(DT,UH)",9,1326
"VP(VBZ,PRN)",9,1327
"SBAR(WHADVP,SQ)",9,1328
"NP(ADVP,FW,FW)",9,1329
"VP(MD,ADVP)",9,1330
"VP(VBD,NP,VP)",9,1331
"SBAR(NP,SBAR)",9,1332
"NP(NP,VP,SBAR)",9,1333
"VP(VB,S,ADVP)",9,1334
"NP(VBG,JJ,NN)",9,1335
"S(S,PRN,VP)",9,1336
"NP(NNPS,NN)",9,1337
"VP(VB,WHNP)",9,1338
"NP(IN,NNP)",9,1339
"NP(DT,POS)",9,1340
"NP(NP,DT)",9,1341
"NP(DT,VBG,NNP)",9,1342
"SBAR(S,CC,S)",9,1343
"NP(CC,JJ,NNS)",9,1344
"NP(NP,JJS,NN)",9,1345
"NML(JJ,HYPH,NNP)",9,1346
"VP(FW,ADVP,NP)",9,1347
"VP(VB,ADVP,ADJP)",9,1348
"ADJP(NN,HYPH,IN)",9,1349
"UCP(PP,CC,PP)",9,1350
"PP(TO,VP)",9,1351
"NP(NN,SYM)",9,1352
"VP(FW,FW,FW)",9,1353
"ADJP(JJ,JJR)",9,1354
"NML(VBN,NN)",9,1355
"NML(NNP,JJ)",9,1356
"NP(NP,VBN)",9,1357
"WHNP(RB,WP)",9,1358
"S(FRAG,VP)",9,1359
"S(VP,SBAR)",9,1360
"NP(ADJP,NNPS)",9,1361
"LST(FW,FW)",9,1362
"VP(PP,VBZ,NP)",9,1363
"NP(NNP,NNP,NNPS)",9,1364
"VP(VP,RB,VP)",9,1365
"NP(ADJP,VBN,NNS)",9,1366
"NP(DT,JJ,POS)",9,1367
"NP(DT,NNPS,NNP)",9,1368
"NP(FW,NNP,NNP)",9,1369
"ADVP(ADVP,NP)",9,1370
"VP(VBZ,NP,PRT)",9,1371
"ADJP(RB,RB,RB)",8,1372
"S(ADVP,PP,NP)",8,1373
"VP(VBD,ADJP,ADVP)",8,1374
"NP(NP,ADJP,NP)",8,1375
"VP(VBZ,S,NP)",8,1376
"ADJP(JJ,IN,S)",8,1377
"PP(IN,CC,SBAR)",8,1378
"NP(NP,RRC)",8,1379
"VP(VBN,PRN,PP)",8,1380
"SBAR(WHADVP,WHADVP,S)",8,1381
"VP(ADVP,VBG)",8,1382
"NP(FW,NP)",8,1383
"SQ(VBD,NP,ADJP)",8,1384
"VP(FW,HYPH,S)",8,1385
"ADJP(CC,ADJP)",8,1386
"ADVP(RB,RB,S)",8,1387
"ADJP(RBR,JJ,SBAR)",8,1388
"FRAG(ADVP,S)",8,1389
"NP(JJ,JJ,NNPS)",8,1390
"ADJP(ADJP,PP,SBAR)",8,1391
"VP(VBP,NP,PRT)",8,1392
"PP(RP,NP)",8,1393
"NP(NN,JJR)",8,1394
"NP(NN,WRB)",8,1395
"VP(VBZ,PRN,SBAR)",8,1396
"NP(NNP,HYPH,JJ)",8,1397
"PP(RB,IN,PP)",8,1398
"ADJP(RB,JJR,PP)",8,1399
"NML(NNP,NNS)",8,1400
"NP(DT,NN,AFX)",8,1401
"NP(CC,NNP)",8,1402
"ADJP(JJ,CC,JJS)",8,1403
"ADJP(JJ,VBG)",8,1404
"NP(NNS,HYPH,NNS)",8,1405
"NP(CC,NP,PP)",8,1406
"PP(PP,PP,PP)",8,1407
"NML(NN,DT)",8,1408
"ADVP(UH,RB)",8,1409
"NP(DT,UCP,NNS)",8,1410
"NP(CD,NN,POS)",8,1411
"S(SBAR,VP,NP)",8,1412
"WHNP(WP,RB)",8,1413
"SBARQ(RB,WHADVP,SQ)",8,1414
"SBAR(CONJP,S)",8,1415
"NML(NN,HYPH,NNS)",8,1416
"S(NP,NP,NP)",8,1417
"ADJP(JJ,CC,JJR)",8,1418
"NP(NP,SBAR,NP)",8,1419
"NP(NN,NNP,POS)",8,1420
"VP(VBD,ADVP,ADVP)",8,1421
"VP(VBP,SBAR,SBAR)",8,1422
"NP(PRP$,NNP,POS)",8,1423
"NP(NN,IN)",8,1424
"SBAR(SBAR,VP)",8,1425
"NP(RB,PRP$,NNS)",8,1426
"VP(VB,SBARQ)",8,1427
"VP(VBP,CC,VP)",8,1428
"NML(JJ,HYPH,NNS)",8,1429
"PP(IN,CC,PP)",8,1430
"ADJP(JJ,IN,NP)",8,1431
"NP(DT,NN,RP)",8,1432
"NP(NNP,DT,NNP)",8,1433
"NML(DT,HYPH,NN)",8,1434
"ADJP(ADVP,JJ,S)",8,1435
"NP(NP,S,NP)",8,1436
"SBAR(ADVP,WRB,S)",8,1437
"S(S,S,VP)",8,1438
"NP(DT,JJ,PP)",8,1439
"NP(ADJP,JJ)",8,1440
"VP(FW,ADVP)",8,1441
"PP(IN,INTJ)",8,1442
"NML(NNP,POS)",8,1443
"NP(VBG,CC,NN)",8,1444
"NP(NNP,NN,SBAR)",8,1445
"NP(DT,UCP,NN)",8,1446
"NP(NP,NP,ADVP)",8,1447
"ADVP(RB,JJ,PP)",8,1448
"VP(VBD,PP,ADJP)",8,1449
"NP(VB,NN)",8,1450
"PP(JJ,NP)",8,1451
"VP(VB,PP,ADJP)",8,1452
"SBAR(NP,IN,S)",8,1453
"S(SQ,CC,SQ)",8,1454
"ADJP(DT,RBR,JJ)",8,1455
"NP(ADVP,DT)",8,1456
"VP(FW,FW)",8,1457
"VP(JJ,PP,PP)",8,1458
"SBAR(VBN,S)",8,1459
"NP(NP,JJR)",8,1460
"ADJP(RBR,RB)",8,1461
"ADVP(DT,RBR)",8,1462
"NP(NN,PP)",8,1463
"ADVP(JJ,RB)",7,1464
"NP(DT,JJ,VBG)",7,1465
"S(NP,ADVP,NP)",7,1466
"ADJP(ADJP,HYPH,PP)",7,1467
"VP(FW,VP)",7,1468
"S(NP,ADVP,PP)",7,1469
"VP(VBZ,WHNP)",7,1470
"ADJP(IN,JJ)",7,1471
"ADJP(ADJP,VBN)",7,1472
"PP(IN,HYPH,VP)",7,1473
"VP(VB,VP,SBAR)",7,1474
"NP(NNP,NFP)",7,1475
"NP(PP,PP)",7,1476
"NP(FW,NNP,FW)",7,1477
"NP(NNP,NN,NNP)",7,1478
"NP(NNP,DT,NN)",7,1479
"NP(NN,DT)",7,1480
"ADJP(RBR,NN)",7,1481
"NP(NN,NN,NNP)",7,1482
"PP(IN,WHPP)",7,1483
"NP(CD,JJR,NN)",7,1484
"VP(VB,PP,VP)",7,1485
"SBAR(IN,SQ)",7,1486
"S(S,SBARQ)",7,1487
"NP(FW,FW,NNS)",7,1488
"FRAG(NP,SBAR)",7,1489
"ADJP(VBN,HYPH,IN)",7,1490
"ADJP(RB,ADJP)",7,1491
"WHADVP(RB,WP)",7,1492
"SQ(PP,WHADVP,SQ)",7,1493
"WHNP(WDT,NP)",7,1494
"S(SQ,NP,VP)",7,1495
"VP(VBN,S,ADVP)",7,1496
"S(S,NP,S)",7,1497
"NP(NN,CC,RB)",7,1498
"NP(NP,INTJ,PP)",7,1499
"NP(NP,VBG)",7,1500
"VP(VBN,VBN)",7,1501
"ADJP(JJ,HYPH,RP)",7,1502
"VP(ADVP,VBD,PP)",7,1503
"VP(VBD,NP,PRT)",7,1504
"S(NFP,NP,VP)",7,1505
"SBAR(WHADVP,SBAR)",7,1506
"NP(NP,HYPH,NP)",7,1507
"ADJP(ADJP,NN)",7,1508
"ADJP(JJR,RP)",7,1509
"ADJP(NP,JJR)",7,1510
"ADVP(RBR,RB,JJ)",7,1511
"S(SBARQ,VP)",7,1512
"VP(VBN,PP,ADJP)",7,1513
"NP(CC,S)",7,1514
"VP(NN,ADVP,PP)",7,1515
"VP(VBZ,SQ)",7,1516
"NP(NP,VBZ)",7,1517
"ADJP(RBS,NN)",7,1518
"ADJP(VBG,CC,JJ)",7,1519
"S(PRN,NP,VP)",7,1520
"S(CC,S)",7,1521
"VP(VP,VP,SBAR)",7,1522
"QP(CC,CD)",7,1523
"WHNP(DT,NN)",7,1524
"SQ(ADVP,VP)",7,1525
"SBARQ(CC,WHNP,VP)",7,1526
"ADJP(JJ,NN,NN)",7,1527
"NML(VBN,HYPH,NNP)",7,1528
"FRAG(ADVP,PP)",7,1529
"ADJP(JJ,NNS)",7,1530
"NP(LS,NNP,NN)",7,1531
"ADVP(RB,RP)",7,1532
"VP(PP,NP,VP)",7,1533
"NP(JJ,NNP,POS)",7,1534
"S(S,S,SBAR)",7,1535
"ADVP(RB,RB,VBN)",7,1536
"NP(NP,ADJP,SBAR)",7,1537
"SBARQ(CC,SBAR)",7,1538
"VP(VB,RB,NP)",7,1539
"NP(ADVP,NNP)",7,1540
"NP(DT,NML,NNPS)",7,1541
"ADJP(JJ,IN)",7,1542
"PP(IN,IN,SBAR)",7,1543
"ADJP(RB,VBN,S)",7,1544
"VP(PP,PP)",7,1545
"VP(VBP,ADJP,VP)",7,1546
"RRC(ADVP,NP)",7,1547
"SINV(VBP,NP)",7,1548
"VP(MD,HYPH,VP)",7,1549
"SQ(VBZ,NP,PP)",7,1550
"NP(DT,NN,NML)",7,1551
"SBAR(WHNP,ADVP,VP)",7,1552
"VP(VP,CONJP,PP)",7,1553
"ADVP(IN,CC,RB)",7,1554
"NP(RB,JJ)",7,1555
"ADVP(ADVP,RB,RB)",7,1556
"ADJP(RB,JJR,SBAR)",7,1557
"VP(VBG,S,PP)",7,1558
"NP(NP,NP,NNP)",7,1559
"ADJP(RB,FW)",7,1560
"NML(CD,HYPH,JJ)",7,1561
"S(S,NP,NP)",7,1562
"VP(VB,WHPP)",7,1563
"NP(PRP$,DT,NN)",7,1564
"WHNP(WHNP,S)",7,1565
"VP(NN,ADVP)",7,1566
"NP(DT,NN,PP)",7,1567
"ADJP(NNS,HYPH,VBN)",7,1568
"VP(PP,S)",7,1569
"NP(PRP,CC,NNS)",7,1570
"NP(VP,NNS)",7,1571
"NP(RB,PRP$,NN)",7,1572
"ADVP(DT,RBR,RB)",7,1573
"PP(IN,LS)",7,1574
"NP(CD,NNPS)",7,1575
"NP(NNP,FW,NN)",6,1576
"PRN(S,S)",6,1577
"ADJP(JJ,HYPH,IN)",6,1578
"NML(NN,NN,NN)",6,1579
"VP(NP,VP)",6,1580
"NP(IN,JJ,NN)",6,1581
"VP(VBG,PP,VP)",6,1582
"NP(NN,SYM,NN)",6,1583
"PP(ADVP,IN,SBAR)",6,1584
"SINV(VB,NP,VP)",6,1585
"ADJP(ADJP,ADJP,ADJP)",6,1586
"NP(ADVP,CD)",6,1587
"NP(RB,NP)",6,1588
"VP(VP,CONJP,NP)",6,1589
"VP(MD,DT,VP)",6,1590
"ADVP(ADVP,RB,JJ)",6,1591
"NP(JJR,NN,NNS)",6,1592
"NP(NP,PP,ADJP)",6,1593
"PP(IN,NN,S)",6,1594
"ADVP(RB,JJS)",6,1595
"NP(NN,AFX)",6,1596
"ADVP(FW,FW,NP)",6,1597
"NML(VBN,HYPH,NN)",6,1598
"NP(UH,NNP)",6,1599
"NP(DT,RBR)",6,1600
"WHNP(WP,S)",6,1601
"VP(VBG,NN)",6,1602
"S(S,PRN,S)",6,1603
"NP(DT,JJ,ADJP)",6,1604
"NP(NNP,HYPH,NNS)",6,1605
"ADVP(JJR,CC,RBR)",6,1606
"NP(NP,CD,NNS)",6,1607
"WHNP(WDT,NN,NNS)",6,1608
"NP(NP,NNP,NP)",6,1609
"ADJP(JJ,IN,JJ)",6,1610
"ADJP(RB,NNP)",6,1611
"SINV(PP,VP,VP)",6,1612
"NML(VBN,NNS)",6,1613
"NP(NN,NML)",6,1614
"S(RB,NP)",6,1615
"ADVP(NP,SBAR)",6,1616
"NP(NP,VP,VP)",6,1617
"ADVP(RB,DT,NN)",6,1618
"VP(FW,ADJP)",6,1619
"S(S,VP,NP)",6,1620
"NP(FW,JJ,NN)",6,1621
"NP(NP,INTJ,S)",6,1622
"QP(RB,CD,CD)",6,1623
"NP(IN,PP)",6,1624
"SBAR(SBAR,CC,SBARQ)",6,1625
"SINV(SBAR,VP,NP)",6,1626
"NML(JJ,CC,NNP)",6,1627
"NP(DT,ADVP)",6,1628
"VP(VBD,NP,ADJP)",6,1629
"SBAR(RB,IN)",6,1630
"WHNP(WHADVP,PP)",6,1631
"S(NP,ADVP,SBAR)",6,1632
"PP(IN,ADVP,PP)",6,1633
"ADJP(ADJP,VP)",6,1634
"QP(CD,IN,CD)",6,1635
"NP(ADVP,NN,NN)",6,1636
"ADJP(RBS,JJ,S)",6,1637
"VP(VBN,NN)",6,1638
"VP(VBP,S,S)",6,1639
"VP(VP,VP,NP)",6,1640
"S(PP,ADJP)",6,1641
"PP(IN,HYPH,NN)",6,1642
"VP(VB,HYPH,NP)",6,1643
"ADJP(ADVP,VBN,PP)",6,1644
"PP(PP,PP,NP)",6,1645
"VP(VBG,NP,VP)",6,1646
"NP(NN,CC,VB)",6,1647
"NP(DT,NNPS,NN)",6,1648
"NML(NNP,DT)",6,1649
"ADVP(IN,CC,JJ)",6,1650
"ADJP(JJ,RB,SBAR)",6,1651
"NML(NML,HYPH,NML)",6,1652
"ADJP(JJR,SBAR)",6,1653
"NP(NNPS,CC,NNP)",6,1654
"ADJP(JJ,ADVP,SBAR)",6,1655
"NP(NP,CC,NNP)",6,1656
"VP(VBZ,HYPH,NP)",6,1657
"NP(S,S)",6,1658
"NML(ADJP,CC,NML)",6,1659
"ADJP(FW,JJ)",6,1660
"SBAR(ADVP,IN,FRAG)",6,1661
"VP(VBP,CC,NP)",6,1662
"ADJP(NN,NN)",6,1663
"ADVP(RB,ADVP)",6,1664
"NP(NN,NN,FW)",6,1665
"ADJP(ADJP,CC,NML)",6,1666
"NP(JJR,NNP)",6,1667
"PP(ADVP,IN,ADJP)",6,1668
"NP(VP,PP)",6,1669
"NP(DT,NN,IN)",6,1670
"SBAR(WHADVP,PP)",6,1671
"FRAG(ADVP,RB)",6,1672
"VP(MD,NP,PP)",6,1673
"NML(JJ,CC,NN)",6,1674
"FRAG(CC,ADVP)",6,1675
"S(NP,NN)",6,1676
"NML(JJ,NN,NN)",6,1677
"NML(NP,PP)",6,1678
"ADJP(VBG,CC,VBG)",6,1679
"NP(ADVP,JJ,NN)",6,1680
"NP(DT,CC,DT)",6,1681
"NP(NNS,HYPH,NN)",6,1682
"NP(SBAR,SBAR)",6,1683
"S(S,PRN,PP)",6,1684
"VP(VBN,PP,VP)",6,1685
"VP(VBP,SBAR,NP)",6,1686
"NP(QP,NN,NN)",6,1687
"SBARQ(CC,WHNP)",6,1688
"ADJP(ADJP,JJ,PP)",6,1689
"VP(VBZ,PRN,S)",6,1690
"VP(VP,VP,PP)",6,1691
"QP(DT,CD)",6,1692
"NP(NP,HYPH,NN)",6,1693
"NP(NP,CC,RB)",6,1694
"VP(VBG,S,SBAR)",6,1695
"VP(VBZ,S,ADVP)",6,1696
"PP(IN,HYPH,PP)",6,1697
"VP(ADVP,VBN,ADVP)",6,1698
"NP(NNP,NN,POS)",6,1699
"NP(DT,NNS,NNP)",6,1700
"WHNP(WHNP,NP)",6,1701
"S(CONJP,VP)",6,1702
"ADVP(ADVP,CC,NP)",6,1703
"VP(MD,ADVP,S)",6,1704
"NP(NP,INTJ,SBAR)",6,1705
"VP(NN,HYPH,VB)",6,1706
"ADJP(JJ,JJS)",6,1707
"VP(VBP,PRT,SBAR)",6,1708
"VP(VBD,RB,SBAR)",6,1709
"NP(DT,VBZ)",6,1710
"VP(VBG,ADJP,SBAR)",6,1711
"NP(PRP,VBZ)",6,1712
"ADJP(RB,JJS)",6,1713
"NP(NN,NNP,NN)",6,1714
"PP(NN,PP)",6,1715
"ADVP(NP,JJR)",5,1716
"SBAR(IN,CC,S)",5,1717
"ADJP(NNP,NN)",5,1718
"NP(PRP,POS,NN)",5,1719
"NP(NP,PRN,VP)",5,1720
"NP(PRP$,VP)",5,1721
"ADVP(NN,PP)",5,1722
"NP(FW,HYPH,S)",5,1723
"SBAR(FW,S)",5,1724
"NP(RB,NN,NN)",5,1725
"VP(VB,RB)",5,1726
"NP(FW,HYPH,NML)",5,1727
"NP(NP,S,SBAR)",5,1728
"NP(WHNP,PP)",5,1729
"VP(ADJP,VBN)",5,1730
"S(NP,S,S)",5,1731
"S(NP,HYPH,VP)",5,1732
"VP(VBP,ADJP,ADJP)",5,1733
"NP(NP,CONJP,S)",5,1734
"ADJP(ADJP,CC,VBN)",5,1735
"NP(PRP$,NNP,NNS)",5,1736
"NP(NP,RB,PP)",5,1737
"PP(RB,IN,ADJP)",5,1738
"VP(VB,SQ)",5,1739
"VP(NNS,ADVP)",5,1740
"ADVP(LS,RB)",5,1741
"NP(NNPS,JJ,NNS)",5,1742
"S(VP,ADVP,VP)",5,1743
"ADJP(NN,S)",5,1744
"NP(NP,CONJP,VP)",5,1745
"NP(NN,NFP,NN)",5,1746
"ADJP(NN,RB,JJ)",5,1747
"S(NP,PP,PP)",5,1748
"VP(VBP,RB,ADVP)",5,1749
"VP(VBD,UCP)",5,1750
"NML(NN,CC,NML)",5,1751
"ADVP(RBS,RB,JJ)",5,1752
"VP(VB,WHADVP)",5,1753
"NP(JJ,SBAR)",5,1754
"ADJP(NNS,HYPH,JJ)",5,1755
"ADJP(JJR,IN,JJ)",5,1756
"S(FRAG,NP,VP)",5,1757
"FRAG(ADVP,ADJP)",5,1758
"SBAR(IN,IN,NP)",5,1759
"NML(NNS,NN)",5,1760
"VP(VBG,CC,VP)",5,1761
"NP(CD,DT,NN)",5,1762
"VP(VBP,SBAR,PP)",5,1763
"NP(RB,NNP,POS)",5,1764
"S(S,CC,SBARQ)",5,1765
"SINV(PP,VP,ADJP)",5,1766
"ADVP(RB,S)",5,1767
"VP(VB,CONJP,S)",5,1768
"NP(NP,PRP)",5,1769
"VP(UH,S)",5,1770
"VP(VBG,NP,ADJP)",5,1771
"VP(VBP,PRN)",5,1772
"FRAG(CC,NP,VP)",5,1773
"SBAR(ADVP,IN,NP)",5,1774
"FRAG(RB,NP)",5,1775
"FRAG(WHNP,PP)",5,1776
"S(VP,CC,S)",5,1777
"NP(DT,JJ,S)",5,1778
"NML(JJ,JJ,NN)",5,1779
"ADJP(FW,NP)",5,1780
"NP(ADJP,NN,SBAR)",5,1781
"ADVP(JJ,CC,JJ)",5,1782
"UCP(ADJP,CC,NML)",5,1783
"NP(NP,NP,NNS)",5,1784
"VP(TO,ADJP)",5,1785
"ADJP(ADJP,CONJP)",5,1786
"S(NP,NP,PP)",5,1787
"VP(VBD,SBAR,S)",5,1788
"S(NP,NN,VP)",5,1789
"NP(WP$,NN)",5,1790
"ADVP(ADVP,IN,PP)",5,1791
"ADJP(PRP,HYPH,JJ)",5,1792
"WHNP(WP,JJ)",5,1793
"NP(DT,JJ,PRP)",5,1794
"NP(ADJP,VP)",5,1795
"NP(PRP$,NML,NNP)",5,1796
"NP(NP,JJS,NNS)",5,1797
"ADJP(ADVP,NP)",5,1798
"VP(VBZ,CONJP,NP)",5,1799
"NP(NP,DT,NN)",5,1800
"VP(VP,VP,S)",5,1801
"ADVP(NP,PP)",5,1802
"ADJP(RBS,RB,JJ)",5,1803
"VP(VP,NP,PP)",5,1804
"VP(VP,CONJP)",5,1805
"NP(IN,NNS)",5,1806
"NP(NN,NN,SBAR)",5,1807
"PP(RB,NP)",5,1808
"VP(VBZ,SBAR,PP)",5,1809
"VP(VBP,RB,SBAR)",5,1810
"VP(VBG,ADVP,ADVP)",5,1811
"VP(VBD,RB,ADVP)",5,1812
"NP(NP,AFX)",5,1813
"VP(VB,PRN)",5,1814
"NP(CD,HYPH,CD)",5,1815
"NP(NP,POS,NNS)",5,1816
"NP(NN,CC,VBG)",5,1817
"PRN(S,CC,S)",5,1818
"SINV(MD,NP)",5,1819
"VP(RB,VBG,NP)",5,1820
"NP(NNP,IN,NNP)",5,1821
"VP(VBZ,CC,ADVP)",5,1822
"FRAG(CC,ADVP,PP)",5,1823
"NP(PRP,PRP)",5,1824
"NP(SBAR,CC,NP)",5,1825
"ADJP(ADJP,PRN)",5,1826
"NP(NP,SBAR,VP)",5,1827
"NP(JJ,DT,NN)",5,1828
"VP(VBD,RB,S)",5,1829
"NP(NNP,CC,PRP)",5,1830
"NML(NNS,CC,NN)",5,1831
"ADJP(FW,FW,NP)",5,1832
"NP(ADVP,NP,NP)",5,1833
"NML(NNP,HYPH,NNS)",5,1834
"VP(TO,NN)",5,1835
"NP(NP,IN)",5,1836
"VP(ADVP,JJ,PP)",5,1837
"PP(IN,JJS)",5,1838
"ADJP(NP,CC,ADJP)",5,1839
"ADJP(NNP,HYPH,VBG)",5,1840
"WHPP(IN,WHPP)",5,1841
"NP(WDT,NNS)",5,1842
"NP(ADJP,NNS,S)",5,1843
"S(ADJP,ADJP)",5,1844
"VP(VBZ,SBAR,ADJP)",5,1845
"NP(NNP,CC,NP)",5,1846
"VP(MD,PP,S)",5,1847
"SBAR(SBAR,CC,WHNP)",5,1848
"PP(PP,CONJP,VP)",5,1849
"NML(NML,FW)",5,1850
"S(S,SBAR,VP)",5,1851
"NP(CD,VBN,NNS)",5,1852
"QP(RB,DT,NN)",5,1853
"VP(PP,VBZ,VP)",5,1854
"NP(NP,ADVP,ADJP)",5,1855
"NP(NN,LS)",5,1856
"PP(PP,CONJP)",5,1857
"S(ADVP,VP,NP)",5,1858
"NP(QP,NN,NNS)",5,1859
"ADJP(ADVP,CC,ADJP)",5,1860
"ADJP(NP,FW)",5,1861
"VP(FW,NP,S)",5,1862
"PP(IN,CC,ADJP)",5,1863
"NP(RB,DT,JJS)",5,1864
"NP(NNS,NN,NN)",5,1865
"ADJP(ADJP,ADJP,PP)",5,1866
"ADJP(VBN,HYPH,RP)",5,1867
"NP(NFP,NNP)",5,1868
"NP(QP,ADJP,NN)",5,1869
"SBAR(SBAR,PP,VP)",5,1870
"PP(PP,CC,S)",5,1871
"NP(DT,JJ,FW)",5,1872
"NP(NN,NNS,NNS)",5,1873
"ADVP(RB,RB,IN)",5,1874
"NP(DT,NN,VB)",5,1875
"VP(PP,VB,NP)",5,1876
"S(S,S,NP)",5,1877
"PP(VBG,S)",5,1878
"NP(NN,NFP)",5,1879
"NP(JJ,JJR)",5,1880
"VP(VB,SBAR,NP)",5,1881
"NP(JJ,VBN,NN)",5,1882
"NP(VP,NN)",5,1883
"SBARQ(WHADVP,ADVP,SQ)",5,1884
"NP(NNP,LS)",5,1885
"ADVP(RBR,CC,JJR)",5,1886
"SBAR(WHNP,S,S)",5,1887
"WHNP(ADVP,SBAR)",5,1888
"SBAR(ADVP,WHNP,S)",5,1889
"NP(PRP$,NNP,NNPS)",5,1890
"ADJP(RB,PP)",5,1891
"NP(NP,ADJP,S)",5,1892
"NP(ADVP,S)",5,1893
"VP(VP,ADJP)",5,1894
"VP(JJ,NP)",5,1895
"WHNP(WHADVP,NNS)",5,1896
"S(NP,SQ)",5,1897
"NP(ADVP,FW)",5,1898
"PRN(S,CC,NP)",5,1899
"NP(PP,NP)",5,1900
"NP(DT,NN,QP)",5,1901
"PP(IN,VBZ)",5,1902
"NP(ADJP,NP,NP)",5,1903
"S(PP,PP)",5,1904
"SBAR(SBAR,PP)",5,1905
"NP(DT,JJ,RB)",5,1906
"NP(NNP,SYM)",5,1907
"NP(FW,NML,FW)",5,1908
"ADJP(RBR,RB,VBN)",5,1909
"VP(NN,HYPH,NP)",5,1910
"S(NP,INTJ,VP)",4,1911
"NP(NNP,NML,NN)",4,1912
"WHADVP(WRB,JJS)",4,1913
"WHNP(IN,NN)",4,1914
"NP(CC,VP)",4,1915
"NP(CD,JJR,NNS)",4,1916
"S(PP,ADJP,VP)",4,1917
"NP(NN,HYPH,NNP)",4,1918
"VP(VBZ,PRT,ADVP)",4,1919
"FRAG(NP,NP,VP)",4,1920
"ADVP(JJ,CC,RB)",4,1921
"NP(NP,ADJP,ADJP)",4,1922
"NP(NNP,NNP,NNS)",4,1923
"NP(NN,HYPH,RB)",4,1924
"NP(NNP,NNPS,NNP)",4,1925
"S(RB,ADJP)",4,1926
"NP(DT,JJ,SBAR)",4,1927
"NP(NN,VBN,NNS)",4,1928
"NP(QP,CD,NNS)",4,1929
"SBAR(S,S)",4,1930
"SQ(VBZ,ADJP)",4,1931
"NP(DT,JJR,NNP)",4,1932
"NP(FW,IN,NNS)",4,1933
"FRAG(SBAR,NP)",4,1934
"NP(NNP,UH)",4,1935
"S(NP,VP,NP)",4,1936
"NP(NN,HYPH,VBN)",4,1937
"S(S,CC,ADVP)",4,1938
"SQ(VBP,NP,S)",4,1939
"QP(JJR,IN,DT)",4,1940
"NP(DT,FW,NN)",4,1941
"NP(VB,NNS)",4,1942
"PP(TO,S)",4,1943
"ADJP(JJ,VBN,PP)",4,1944
"VP(VB,INTJ,NP)",4,1945
"NML(NNP,FW)",4,1946
"FRAG(NP,ADJP)",4,1947
"FRAG(ADVP,NP,VP)",4,1948
"VP(JJ,ADVP,PP)",4,1949
"PP(ADVP,PP,PP)",4,1950
"VP(VBZ,PRN,VP)",4,1951
"SBAR(NN,S)",4,1952
"VP(VP,NP,NP)",4,1953
"NP(DT,VB)",4,1954
"PRN(S,CC,ADVP)",4,1955
"VP(VBP,PRN,VP)",4,1956
"SBAR(S,CC,SBAR)",4,1957
"NP(NNP,HYPH,RB)",4,1958
"ADJP(FW,PP)",4,1959
"ADJP(RBR,VBG)",4,1960
"ADJP(JJ,CC,PDT)",4,1961
"VP(MD,ADVP,NP)",4,1962
"NP(PRP$,NN,RB)",4,1963
"NP(JJ,S)",4,1964
"SBARQ(NP,SQ)",4,1965
"NP(FW,S)",4,1966
"NP(NN,ADVP)",4,1967
"NP(NP,POS)",4,1968
"VP(VBD,SBAR,NP)",4,1969
"PP(RB,IN,DT)",4,1970
"SBARQ(ADVP,WHNP,SQ)",4,1971
"SQ(SQ,CC,SQ)",4,1972
"ADJP(RB,S)",4,1973
"VP(VB,INTJ)",4,1974
"ADVP(RBR,IN)",4,1975
"INTJ(FW,FW,FW)",4,1976
"S(ADVP,ADJP,VP)",4,1977
"SBARQ(WHADVP,VP)",4,1978
"SBAR(CONJP,SBAR)",4,1979
"NP(NNP,DT,JJ)",4,1980
"NP(NML,NN,NNP)",4,1981
"NP(CC,PRP$,NNS)",4,1982
"WHNP(WP$,NN,NN)",4,1983
"S(PP,CC,S)",4,1984
"SINV(VB,S)",4,1985
"INTJ(NNP,NN)",4,1986
"NML(NN,CD)",4,1987
"NP(RB,DT,ADJP)",4,1988
"NP(NNPS,CC,NNS)",4,1989
"VP(NP,ADVP)",4,1990
"SBAR(NFP,S)",4,1991
"NP(JJ,VBZ)",4,1992
"NP(CC,ADJP,NN)",4,1993
"NML(VBG,NN)",4,1994
"VP(VP,NP,SBAR)",4,1995
"NML(JJ,CC,JJ)",4,1996
"ADVP(RB,CC,NN)",4,1997
"SQ(CC,SQ)",4,1998
"ADVP(RB,JJR,PP)",4,1999
"NP(NP,NNP,NNPS)",4,2000
"VP(FW,HYPH,ADJP)",4,2001
"VP(TO,PP)",4,2002
"NP(S,PP)",4,2003
"S(NP,PP,SBAR)",4,2004
"NP(JJ,NNS,FW)",4,2005
"NML(NML,NML,NML)",4,2006
"S(NP,SBAR,SBAR)",4,2007
"VP(VBD,ADJP,NP)",4,2008
"NP(VBN,NN,S)",4,2009
"NP(DT,IN)",4,2010
"S(S,PRN,NP)",4,2011
"PP(PP,CONJP,S)",4,2012
"NP(NML,NML,NN)",4,2013
"NP(IN,DT,NN)",4,2014
"NP(CD,NNP,NNP)",4,2015
"SINV(S,VP,NP)",4,2016
"NP(NNP,PRP$,NN)",4,2017
"NP(NP,CONJP,ADJP)",4,2018
"NP(DT,UH,NN)",4,2019
"WHPP(IN,WHNP,SQ)",4,2020
"SBAR(WHNP,NP,VP)",4,2021
"SBAR(IN,ADVP)",4,2022
"WHADVP(RB,WDT)",4,2023
"NP(DT,NN,PRP)",4,2024
"NP(JJ,NNS,SBAR)",4,2025
"NP(NNP,NNP,NP)",4,2026
"ADVP(NN,IN,NN)",4,2027
"ADJP(JJ,HYPH,RB)",4,2028
"VP(VBG,SBAR,PP)",4,2029
"NP(CD,NN,QP)",4,2030
"NP(IN,SBAR)",4,2031
"VP(VB,FRAG)",4,2032
"ADJP(NML,CC,ADJP)",4,2033
"S(RB,ADVP,VP)",4,2034
"SBAR(WHNP,SBARQ)",4,2035
"ADJP(ADVP,ADJP)",4,2036
"S(VP,S)",4,2037
"PRN(RB,S)",4,2038
"VP(NN,ADJP)",4,2039
"NP(PRP$,PRP$,NN)",4,2040
"PP(NP,IN,S)",4,2041
"VP(JJ,S)",4,2042
"NP(NNP,POS,NNS)",4,2043
"NP(RB,S)",4,2044
"ADVP(VB,JJ)",4,2045
"NP(DT,IN,NN)",4,2046
"S(SBAR,PRN)",4,2047
"S(S,ADVP)",4,2048
"NP(JJ,HYPH,NNP)",4,2049
"NP(LS,NN)",4,2050
"ADVP(CC,S)",4,2051
"NP(NNPS,NNS)",4,2052
"ADJP(ADJP,ADJP,VP)",4,2053
"NP(SBAR,NNS)",4,2054
"S(NP,PRN)",4,2055
"WHADVP(WRB,RB,JJ)",4,2056
"NP(NP,IN,S)",4,2057
"NP(DT,ADJP,NNPS)",4,2058
"PP(IN,PRN)",4,2059
"NP(NP,JJ,JJ)",4,2060
"VP(UH,NP)",4,2061
"PP(IN,X)",4,2062
"S(CC,VP,VP)",4,2063
"ADVP(FW,NP)",4,2064
"VP(NNS,VP)",4,2065
"NP(NN,FW,NN)",4,2066
"NP(JJ,ADJP)",4,2067
"NP(JJ,NNP,NN)",4,2068
"NP(ADVP,PRP$,NN)",4,2069
"ADJP(DT,HYPH,VBG)",4,2070
"NP(NP,WHADVP)",4,2071
"NP(NML,ADJP,NNS)",4,2072
"ADVP(RB,UH)",4,2073
"ADJP(RB,RB,PP)",4,2074
"VP(NN,HYPH,PP)",4,2075
"PP(IN,WHNP,SQ)",4,2076
"ADJP(NNP,NNP)",4,2077
"NP(NN,NNS,NN)",4,2078
"NP(NNP,SBAR)",4,2079
"VP(VP,RB,NP)",4,2080
"NP(VBG,CC,VBG)",4,2081
"NP(S,SBAR)",4,2082
"NP(NML,NNP,NNS)",4,2083
"NP(NP,CC,UCP)",4,2084
"NP(DT,UCP)",4,2085
"NP(NP,VBZ,NP)",4,2086
"ADVP(DT,RB,RB)",4,2087
"ADJP(ADJP,PP,NP)",4,2088
"VP(VP,S,S)",4,2089
"SQ(VBP,NP,PP)",4,2090
"NP(DT,JJ,JJS)",4,2091
"NML(NNPS,CC,NNP)",4,2092
"NP(CD,CC,JJ)",4,2093
"VP(VBG,PRT,S)",4,2094
"NP(VP,CC,NP)",4,2095
"VP(SYM,NP)",4,2096
"VP(VBZ,CC,NNS)",4,2097
"VP(NN,NN)",4,2098
"NP(CC,ADJP)",4,2099
"NP(QP,DT,NNS)",4,2100
"ADJP(ADJP,CONJP,VP)",4,2101
"VP(NNS,PP,PP)",4,2102
"VP(NN,CC,NP)",4,2103
"S(PP,VP,S)",4,2104
"VP(VBP,WHNP)",4,2105
"SBAR(PP,IN,S)",4,2106
"VP(NNS,NP,PP)",4,2107
"NP(ADVP,NP,SBAR)",4,2108
"NP(DT,NN,ADJP)",4,2109
"ADJP(RBS,HYPH,VBN)",4,2110
"NP(ADVP,NNP,NNP)",4,2111
"NML(NNS,CC,NNS)",4,2112
"NP(NP,SBAR,S)",4,2113
"VP(VBG,SBAR,SBAR)",4,2114
"NP(PRP$,JJ,NNPS)",4,2115
"NP(NNS,JJ,NN)",4,2116
"QP(JJ,CD)",4,2117
"S(NP,ADVP,ADVP)",4,2118
"VP(VBZ,NP,UCP)",4,2119
"ADJP(RB,CC,RB)",4,2120
"NML(NN,HYPH,VBG)",4,2121
"ADVP(ADVP,CC,ADVP)",4,2122
"VP(VBZ,CC,S)",4,2123
"ADJP(JJ,HYPH,PP)",4,2124
"INTJ(NN,NN)",4,2125
"NP(NN,HYPH,IN)",4,2126
"VP(VBG,CC,NP)",4,2127
"SQ(VBZ,NP,S)",4,2128
"VP(ADVP,VBG,SBAR)",4,2129
"ADJP(RB,CC,JJ)",4,2130
"VP(ADVP,VBG,S)",4,2131
"ADJP(RB,VBN,SBAR)",4,2132
"SBAR(WHPP,FRAG)",4,2133
"NP(ADJP,ADJP,NN)",4,2134
"NP(JJR,NN,NN)",4,2135
"NP(DT,JJS,JJ)",4,2136
"ADVP(RB,RBS,JJ)",4,2137
"PP(CC,NP)",4,2138
"NP(JJ,IN)",4,2139
"FRAG(RB,PP)",4,2140
"VP(VB,ADJP,VP)",4,2141
"SBAR(WHNP,PRN,S)",4,2142
"NP(VBG,NNP)",4,2143
"NP(JJ,NN,VBG)",4,2144
"VP(VBG,WHNP)",4,2145
"PP(IN,ADVP,VP)",4,2146
"NP(NML,NP)",4,2147
"VP(VBN,VBN,VBN)",4,2148
"NP(JJ,DT)",4,2149
"VP(VBP,S,ADVP)",4,2150
"SBAR(IN,SBARQ)",4,2151
"VP(TO,HYPH,VP)",4,2152
"ADJP(DT,CC,DT)",4,2153
"SBARQ(SBAR,SQ)",4,2154
"VP(VB,VB)",4,2155
"ADJP(ADJP,NNS)",4,2156
"VP(VBG,HYPH,VP)",4,2157
"VP(VBD,CC,NP)",4,2158
"NP(PDT,DT,JJR)",4,2159
"S(UCP,NP,VP)",4,2160
"CONJP(RB,IN,PP)",4,2161
"ADJP(NN,JJ,PP)",4,2162
"NP(ADVP,JJ,NNS)",4,2163
"VP(VBP,SBAR,S)",4,2164
"NP(PRP$,NNS,SBAR)",4,2165
"VP(VBP,SBARQ)",4,2166
"QP(RB,NN)",4,2167
"VP(MD,NP,NP)",4,2168
"NP(DT,CD,NNPS)",4,2169
"PP(VBN,S)",4,2170
"ADJP(JJS,VBN)",4,2171
"SBAR(SBAR,CC,RB)",4,2172
"ADJP(RB,JJ,NN)",4,2173
"ADJP(ADJP,FW)",4,2174
"PP(ADVP,IN,ADVP)",4,2175
"NP(NP,CC,LS)",4,2176
"NP(NN,NML,NN)",4,2177
"NP(NNP,CC,NNPS)",4,2178
"VP(VB,CC,VP)",4,2179
"ADJP(NP,VBN)",4,2180
"S(NP,FW,NP)",4,2181
"SBAR(JJ,SBAR)",4,2182
"ADJP(JJ,VP)",4,2183
"ADJP(JJ,CONJP,JJ)",4,2184
"S(ADVP,ADVP)",4,2185
"NP(NN,VP)",4,2186
"NP(RB,CD)",4,2187
"NML(NML,CC,NP)",4,2188
"VP(POS,S)",4,2189
"QP(CC,JJR)",4,2190
"NP(ADJP,NML,NNS)",4,2191
"ADVP(RP,CC,RB)",4,2192
"FRAG(NP,NP,NP)",4,2193
"ADJP(CC,JJ,PP)",4,2194
"NP(RB,JJR)",4,2195
"NP(NP,FW,NNS)",4,2196
"ADVP(ADVP,RB,PP)",4,2197
"ADVP(RB,DT)",4,2198
"SINV(PP,VP,SBAR)",4,2199
"PP(ADVP,VBG,PP)",4,2200
"SINV(CC,VBZ,NP)",4,2201
"FRAG(NP,INTJ)",3,2202
"NML(FW,NN)",3,2203
"NML(NNS,CC,JJ)",3,2204
"NP(FW,HYPH,NN)",3,2205
"NML(NNS,JJ)",3,2206
"FRAG(INTJ,ADVP)",3,2207
"ADJP(RB,SBAR)",3,2208
"ADJP(NP,ADJP)",3,2209
"VP(FW,HYPH,FW)",3,2210
"FRAG(CC,ADVP,NP)",3,2211
"NP(CD,NML)",3,2212
"NP(CD,NNP,NNS)",3,2213
"S(S,INTJ,S)",3,2214
"NP(NP,NP,AFX)",3,2215
"NP(IN,JJ,NNS)",3,2216
"SINV(VBP,NP,NP)",3,2217
"NP(DT,WHNP)",3,2218
"LST(UH,NN)",3,2219
"NP(QP,JJ)",3,2220
"VP(MD,ADVP,PP)",3,2221
"ADJP(JJ,SYM,JJ)",3,2222
"NP(PRP$,S)",3,2223
"VP(VBD,SBAR,SBAR)",3,2224
"NP(CC,NP,SBAR)",3,2225
"NP(POS,NN)",3,2226
"VP(VBP,PRN,ADJP)",3,2227
"NP(NML,HYPH,NN)",3,2228
"VP(FW,RB,NP)",3,2229
"S(NP,VP,NFP)",3,2230
"NP(JJS,NN,NNS)",3,2231
"UCP(ADVP,CC,ADVP)",3,2232
"CONJP(RB,IN,ADJP)",3,2233
"NML(NN,PP)",3,2234
"VP(VBN,NP,UCP)",3,2235
"NP(ADJP,VBG)",3,2236
"S(ADJP,ADVP,VP)",3,2237
"SBAR(WHPP,SBAR)",3,2238
"ADVP(PP,PP)",3,2239
"S(CC,NP,PP)",3,2240
"ADVP(ADVP,JJ)",3,2241
"S(ADVP,PRN)",3,2242
"NP(CD,HYPH,JJ)",3,2243
"VP(VP,NP,VP)",3,2244
"NP(FW,NN,NN)",3,2245
"VP(VB,NN)",3,2246
"SBARQ(CC,WHNP,S)",3,2247
"NP(NN,HYPH,VB)",3,2248
"S(SBARQ,NP,VP)",3,2249
"NP(NNP,FW,NNS)",3,2250
"VP(NP,CC,VP)",3,2251
"VP(VB,LST)",3,2252
"NP(UH,CC,NN)",3,2253
"SBAR(IN,JJ)",3,2254
"ADJP(RB,IN,JJ)",3,2255
"VP(ADVP,S)",3,2256
"S(S,PRN,SBAR)",3,2257
"S(S,NP,SBAR)",3,2258
"NP(RB,RB)",3,2259
"ADVP(ADVP,CC,ADJP)",3,2260
"NP(NML,NML,NNS)",3,2261
"VP(VB,CC,NN)",3,2262
"NML(NNP,CC,NN)",3,2263
"VP(VBP,PRN,S)",3,2264
"VP(PP,VBP,NP)",3,2265
"NP(NP,RB,ADJP)",3,2266
"SBAR(IN,S,NP)",3,2267
"SINV(PP,VP,S)",3,2268
"NP(SBAR,S)",3,2269
"NP(CD,QP)",3,2270
"NP(NP,FW,VP)",3,2271
"SBAR(SBAR,SQ)",3,2272
"VP(VB,PRT,ADVP)",3,2273
"NP(PRP$,NNS,NNS)",3,2274
"NP(NN,CC,PRP)",3,2275
"PP(JJ,IN,ADJP)",3,2276
"ADVP(RB,NP)",3,2277
"NP(VP,FW)",3,2278
"PP(PP,ADVP,PP)",3,2279
"PP(SYM,IN,NP)",3,2280
"NP(NP,NML,FW)",3,2281
"NP(NNP,VB)",3,2282
"NP(PDT,ADJP)",3,2283
"NP(FW,ADJP,FW)",3,2284
"VP(VBP,WHADVP)",3,2285
"NP(LS,NNP,POS)",3,2286
"NML(RB,NN)",3,2287
"SBARQ(WHADVP,S)",3,2288
"VP(VBZ,VP,SBAR)",3,2289
"NP(UCP,NNP)",3,2290
"ADVP(NN,RB)",3,2291
"ADJP(ADJP,ADVP,PP)",3,2292
"NP(NP,FW,S)",3,2293
"FRAG(PP,S)",3,2294
"NP(NP,PP,FW)",3,2295
"NP(RB,NN,NNS)",3,2296
"NP(NNP,NN,S)",3,2297
"VP(ADJP,SBAR)",3,2298
"VP(VBG,NNS)",3,2299
"VP(VB,RB,PP)",3,2300
"ADJP(JJS,S)",3,2301
"NP(CD,POS)",3,2302
"NP(RB,HYPH,NNS)",3,2303
"NP(DT,NN,WHPP)",3,2304
"VP(VBN,CC,VP)",3,2305
"FRAG(PP,WHNP,SQ)",3,2306
"ADJP(JJ,JJ,NNS)",3,2307
"VP(VB,VP,PP)",3,2308
"NP(NP,ADVP,PRN)",3,2309
"WHNP(WP$,ADJP,NN)",3,2310
"SQ(VBP,NP,SBAR)",3,2311
"CONJP(RB,IN,S)",3,2312
"NP(JJ,NN,RB)",3,2313
"NML(NNP,CC,JJ)",3,2314
"NP(NN,NN,NFP)",3,2315
"ADJP(JJ,JJ,NN)",3,2316
"VP(VBZ,CONJP,SBAR)",3,2317
"INTJ(UH,FW)",3,2318
"NP(NML,NNP,NN)",3,2319
"VP(VBG,SBAR,NP)",3,2320
"VP(VBZ,NP,PRN)",3,2321
"NML(ADJP,CC,ADJP)",3,2322
"ADJP(JJS,CC,JJS)",3,2323
"NP(VB,NN,NN)",3,2324
"NP(PDT,DT,RBR)",3,2325
"VP(ADVP,VBG,VP)",3,2326
"NP(JJ,FW)",3,2327
"NML(JJR,NN)",3,2328
"VP(VBN,ADJP,VP)",3,2329
"NP(NP,WHNP,SQ)",3,2330
"SBAR(IN,PP,PP)",3,2331
"SBAR(ADVP,IN,SINV)",3,2332
"NP(NN,NNPS)",3,2333
"NP(NN,NNS,SBAR)",3,2334
"NP(RB,NP,NN)",3,2335
"VP(FW,PP)",3,2336
"NP(DT,NML,FW)",3,2337
"NML(FW,NNP)",3,2338
"ADJP(NP,JJ,PP)",3,2339
"NP(VBN,NML,NNS)",3,2340
"NP(NN,HYPH,WRB)",3,2341
"NML(NML,VP)",3,2342
"FRAG(ADVP,WHNP,SQ)",3,2343
"SQ(VP,NP)",3,2344
"ADJP(JJ,JJ,NNP)",3,2345
"S(WHNP,NP,VP)",3,2346
"SBAR(SBAR,SBAR,S)",3,2347
"NP(NP,CC,DT)",3,2348
"WHNP(WP$,VBN,NN)",3,2349
"S(ADVP,NP,PP)",3,2350
"NP(NML,NNP,NP)",3,2351
"VP(FW,NP,PP)",3,2352
"NP(JJR,JJ)",3,2353
"NP(DT,RB,RB)",3,2354
"VP(VB,RB,ADJP)",3,2355
"VP(MD,RB,NP)",3,2356
"FRAG(ADVP,SBAR)",3,2357
"ADVP(ADVP,NN)",3,2358
"PP(IN,NNP)",3,2359
"NML(NNP,CD)",3,2360
"ADJP(RBS,RB)",3,2361
"NML(NML,SBAR)",3,2362
"PP(PP,UCP)",3,2363
"S(CC,ADVP,NP)",3,2364
"SBAR(S,CC,VP)",3,2365
"ADVP(ADVP,ADVP,PP)",3,2366
"S(CC,PP,NP)",3,2367
"SBARQ(WHADVP,WHADVP,SQ)",3,2368
"S(PP,ADVP,NP)",3,2369
"FRAG(INTJ,SBAR)",3,2370
"ADJP(RBS,VBG)",3,2371
"VP(VB,IN,NP)",3,2372
"ADJP(ADJP,RB,VP)",3,2373
"NP(DT,JJ,ADVP)",3,2374
"SBAR(IN,RB,S)",3,2375
"NP(VBG,NP)",3,2376
"PP(CONJP,CC,PP)",3,2377
"CONJP(RB,JJS)",3,2378
"NP(VBN,VBN,NNS)",3,2379
"VP(VP,SQ)",3,2380
"NP(JJ,JJR,NN)",3,2381
"VP(VBD,CC,VBD)",3,2382
"NP(RB,VBG)",3,2383
"NP(NP,NNP,FW)",3,2384
"VP(VB,ADVP,VBN)",3,2385
"S(SBAR,NP,S)",3,2386
"NP(NN,NML,NNS)",3,2387
"VP(VBP,CC,SBAR)",3,2388
"PRN(S,FW)",3,2389
"ADJP(ADJP,CC,SBAR)",3,2390
"NP(LST,PP)",3,2391
"PP(IN,HYPH,ADJP)",3,2392
"NP(FW,NN,FW)",3,2393
"NP(PP,NN,SBAR)",3,2394
"NML(DT,JJ,NN)",3,2395
"WHNP(WP$,NN,NNS)",3,2396
"VP(VBG,HYPH,PP)",3,2397
"NP(NP,PP,NNS)",3,2398
"PP(IN,NFP)",3,2399
"QP(DT,CC,RB)",3,2400
"NP(ADJP,S)",3,2401
"NP(FW,JJ,NNS)",3,2402
"S(IN,SBAR)",3,2403
"ADJP(DT,HYPH,NN)",3,2404
"PP(IN,QP)",3,2405
"SBARQ(WHADJP,SQ)",3,2406
"PP(IN,SQ)",3,2407
"S(ADVP,ADJP)",3,2408
"PP(FW,PP)",3,2409
"NML(NML,ADJP)",3,2410
"NP(VBN,NNP)",3,2411
"NP(JJ,CC,JJ)",3,2412
"NP(JJ,NNS,NP)",3,2413
"S(ADVP,SBAR,NP)",3,2414
"VP(VBG,SBARQ)",3,2415
"NP(INTJ,NP)",3,2416
"VP(VBZ,FRAG)",3,2417
"CONJP(RB,IN,RB)",3,2418
"NP(NNS,RB)",3,2419
"VP(VBP,ADVP,VBN)",3,2420
"ADJP(JJR,S)",3,2421
"NP(JJ,UCP,NNS)",3,2422
"ADJP(RB,VP)",3,2423
"NP(CD,NML,NNS)",3,2424
"ADJP(NNP,IN)",3,2425
"NP(NN,RB,NN)",3,2426
"NP(DT,ADVP,NN)",3,2427
"SBAR(SBAR,NP)",3,2428
"NP(CC,DT)",3,2429
"NP(PDT,DT,NNPS)",3,2430
"NP(NNP,S)",3,2431
"VP(VBN,SBAR,S)",3,2432
"NP(NP,LS)",3,2433
"NP(ADVP,PRP)",3,2434
"NP(NP,CD)",3,2435
"NP(LST,NN)",3,2436
"VP(VB,VP,NP)",3,2437
"ADJP(JJR,CC,JJ)",3,2438
"NP(NP,JJ,NP)",3,2439
"NP(DT,VP,NN)",3,2440
"NP(UH,RB)",3,2441
"VP(VBN,S,NP)",3,2442
"VP(ADVP,VBG,ADJP)",3,2443
"WHNP(NP,SBAR)",3,2444
"ADJP(ADVP,JJR)",3,2445
"NP(NNP,NML,NNP)",3,2446
"VP(VBZ,NP,X)",3,2447
"SBAR(WHADJP,NP)",3,2448
"NP(NP,PP,POS)",3,2449
"NP(QP,PP)",3,2450
"NP(ADVP,NP,NN)",3,2451
"VP(NFP,VP)",3,2452
"ADVP(DT,NN,WHADJP)",3,2453
"NP(IN,S)",3,2454
"ADVP(JJR,RB)",3,2455
"UCP(JJ,CC,NNP)",3,2456
"ADJP(ADJP,RB,NP)",3,2457
"FRAG(INTJ,INTJ)",3,2458
"ADJP(JJ,HYPH,DT)",3,2459
"NP(JJ,CD)",3,2460
"NML(NN,NNP)",3,2461
"ADJP(JJS,PP)",3,2462
"NP(PRP,JJ,NNS)",3,2463
"NML(NN,CC)",3,2464
"ADJP(VBN,CC,ADJP)",3,2465
"VP(NNP,VP)",3,2466
"NP(NN,CC,VBP)",3,2467
"SBARQ(WHADVP,RB)",3,2468
"NP(DT,PRP,POS)",3,2469
"UCP(NML,ADJP)",3,2470
"NP(JJ,NNP,CD)",3,2471
"ADJP(VBN,PP,PP)",3,2472
"SQ(VBZ,RB,NP)",3,2473
"ADJP(PDT,JJ)",3,2474
"NP(ADJP,NML)",3,2475
"NP(PRP,RB)",3,2476
"NP(NP,INTJ,VP)",3,2477
"ADVP(ADVP,S)",3,2478
"ADVP(NP,RBR,JJ)",3,2479
"VP(VB,CC,PP)",3,2480
"ADVP(UH,NN)",3,2481
"SQ(S,WHADVP,SQ)",3,2482
"S(PP,PP,NP)",3,2483
"VP(VB,CONJP,VP)",3,2484
"SBAR(S,VP)",3,2485
"VP(FW,NNP)",3,2486
"S(NML,NP,VP)",3,2487
"VP(IN,HYPH,VP)",3,2488
"NP(PRP,JJ)",3,2489
"NP(FW,NN,NNS)",3,2490
"SQ(RB,VP)",3,2491
"NP(NNP,NNP,UH)",3,2492
"NML(JJ,NNP,NN)",3,2493
"S(S,IN,S)",3,2494
"NML(NNP,NNP,NN)",3,2495
"PP(IN,INTJ,S)",3,2496
"SQ(ADVP,VP,NP)",3,2497
"VP(VB,INTJ,SBAR)",3,2498
"VP(VBZ,SBAR,VP)",3,2499
"S(S,ADJP)",3,2500
"PP(IN,FRAG)",3,2501
"VP(MD,S,VP)",3,2502
"FRAG(FRAG,NP)",3,2503
"UCP(ADVP,CC,ADJP)",3,2504
"UCP(ADJP,CONJP,NP)",3,2505
"NP(RB,WP)",3,2506
"SBARQ(WHPP,SQ)",3,2507
"SBAR(PRN,S)",3,2508
"VP(VB,PRT,ADJP)",3,2509
"FRAG(ADJP,PP)",3,2510
"ADJP(NN,HYPH,UH)",3,2511
"ADJP(CONJP,JJ)",3,2512
"SINV(CC,VP)",3,2513
"VP(PP,VP)",3,2514
"ADJP(ADJP,IN,SBAR)",3,2515
"NP(DT,NN,CD)",3,2516
"VP(ADVP,ADVP,VBN)",3,2517
"WHNP(WP$,NN,S)",3,2518
"PP(IN,ADVP,ADJP)",3,2519
"NP(ADJP,NNS,SBAR)",3,2520
"FRAG(ADVP,WHADVP,SQ)",3,2521
"NP(DT,QP,NN)",3,2522
"VP(VBP,SBAR,VP)",3,2523
"NML(NN,PRP$)",3,2524
"QP(RB,DT,JJ)",3,2525
"NP(NML,VBG,NNS)",3,2526
"NML(ADVP,HYPH,PP)",3,2527
"S(SBAR,ADJP,VP)",3,2528
"ADVP(QP,RB)",3,2529
"PP(ADVP,JJ,PP)",3,2530
"VP(NN,PP,S)",3,2531
"NP(WDT,JJ,NN)",3,2532
"S(PP,CC,VP)",3,2533
"ADJP(ADVP,JJ,SBAR)",3,2534
"PP(IN,CC,VP)",3,2535
"VP(NN,ADVP,SBAR)",3,2536
"NP(S,CC,SBAR)",3,2537
"SINV(ADVP,VP,SBAR)",3,2538
"PP(IN,CC,NNS)",3,2539
"PP(IN,CC,NN)",3,2540
"SBARQ(PP,WHADVP,SQ)",3,2541
"ADJP(NN,RB)",3,2542
"FRAG(CC,ADVP,SQ)",3,2543
"ADVP(ADVP,RB,SBAR)",3,2544
"FRAG(ADVP,VP)",3,2545
"NP(JJ,PRP)",3,2546
"ADJP(NNP,FW)",3,2547
"NP(JJ,VB)",3,2548
"VP(VBP,S,NP)",3,2549
"SBAR(ADJP,IN,S)",3,2550
"VP(VBN,CC,ADVP)",3,2551
"ADVP(RB,HYPH,JJ)",3,2552
"SINV(PP,VP,PP)",3,2553
"SBAR(WHNP,WHNP,S)",3,2554
"S(S,FW,S)",3,2555
"ADJP(NNP,PP)",3,2556
"NP(CD,HYPH,NNS)",3,2557
"VP(VBN,NNS)",3,2558
"NP(DT,HYPH)",3,2559
"ADJP(JJ,CC,PP)",3,2560
"NP(NP,RP)",3,2561
"WHADVP(RB,WRB,JJ)",3,2562
"NP(NNP,DT,NNS)",3,2563
"SBAR(WHADVP,CC,SBAR)",3,2564
"WHNP(DT,SBAR)",3,2565
"NP(DT,QP)",3,2566
"NP(NP,NN,PP)",3,2567
"NML(NN,CC,NNP)",3,2568
"PP(IN,PP,VP)",3,2569
"VP(VBN,PRN)",3,2570
"SBARQ(ADVP,SQ)",3,2571
"S(ADJP,S)",3,2572
"VP(VBD,ADJP,ADJP)",3,2573
"WHADJP(RB,WRB,JJ)",3,2574
"VP(NP,NP)",3,2575
"NP(INTJ,FW)",3,2576
"QP(JJR,IN,NN)",3,2577
"NP(JJS,NNP)",3,2578
"ADVP(RB,NP,VP)",3,2579
"ADJP(ADJP,NP,SBAR)",3,2580
"SBAR(SBAR,RB,SBAR)",3,2581
"VP(VP,WHNP)",3,2582
"SBAR(WHADVP,WRB,S)",3,2583
"VP(NN,HYPH,VBN)",3,2584
"VP(JJ,ADVP)",3,2585
"VP(MD,PP,PP)",3,2586
"VP(VBG,ADJP,NP)",3,2587
"NP(NN,DT,NNS)",3,2588
"UCP(NP,CC,ADJP)",3,2589
"NP(QP,NP)",3,2590
"VP(VBN,ADVP,ADJP)",3,2591
"VP(VB,PRN,NP)",3,2592
"NP(NP,DT,VP)",3,2593
"VP(VB,CC,NP)",3,2594
"SBAR(DT,NP)",3,2595
"NP(LST,NP)",3,2596
"VP(VBG,CC,JJ)",3,2597
"VP(IN,NP)",3,2598
"NML(NML,CC,ADJP)",3,2599
"NP(NP,ADJP,JJ)",3,2600
"NP(RB,HYPH,VBG)",3,2601
"NP(NNP,CC,PP)",3,2602
"S(S,S,NN)",3,2603
"ADVP(JJR,IN,RB)",3,2604
"NP(QP,ADJP,NNS)",3,2605
"NP(NML,NN,CD)",3,2606
"VP(VB,ADVP,NN)",3,2607
"PP(IN,UH)",3,2608
"VP(NP,S)",3,2609
"SBAR(WHNP,CC,PP)",3,2610
"FRAG(PP,PP)",3,2611
"NP(PDT,DT,NML)",3,2612
"VP(JJ,SBAR)",3,2613
"ADVP(IN,VP)",3,2614
"NP(CD,JJ)",3,2615
"ADVP(RB,WP)",3,2616
"PP(PP,FW,NP)",3,2617
"SBAR(RB,SBAR)",3,2618
"S(SBAR,PRN,VP)",3,2619
"NP(DT,RBR,JJ)",3,2620
"NP(NP,ADJP,VP)",3,2621
"VP(ADVP,ADVP,VP)",3,2622
"NP(JJ,PRP$,NN)",3,2623
"NML(NN,CC,VBG)",3,2624
"NP(NP,ADVP,ADVP)",3,2625
"S(NP,SINV)",3,2626
"NP(CD,ADJP)",3,2627
"NP(JJ,NP)",3,2628
"SBAR(SBAR,CONJP,SBAR)",3,2629
"NML(NNP,NNP,JJ)",3,2630
"SBARQ(ADVP,WHADVP,SQ)",3,2631
"NP(CC,PP)",3,2632
"NP(NP,PP,NN)",3,2633
"S(ADVP,NP,NP)",3,2634
"VP(VBP,INTJ)",3,2635
"ADVP(NNP,RB)",3,2636
"NP(RB,RB,NNP)",3,2637
"NP(UCP,NP)",3,2638
"NP(ADVP,VP)",3,2639
"FRAG(INTJ,NP,NP)",3,2640
"NP(NNP,PP)",3,2641
"PP(RP,S)",3,2642
"NP(NP,JJS)",3,2643
"PP(IN,HYPH,IN)",3,2644
"VP(VBN,NP,PRT)",3,2645
"ADJP(NN,CC,VBG)",3,2646
"ADVP(NNP,NP)",3,2647
"NP(NNP,VBG)",3,2648
"PP(IN,RB,NP)",3,2649
"NP(NP,JJ,PP)",3,2650
"SQ(VBZ,NP,ADVP)",3,2651
"PP(NNP,NP)",3,2652
"VP(VB,WHADVP,S)",3,2653
"S(ADVP,ADVP,NP)",3,2654
"VP(PP,MD,VP)",3,2655
"NP(NP,VP,S)",3,2656
"CONJP(RB,RB,WRB)",3,2657
"S(S,VP,VP)",3,2658
"ADVP(RB,VP)",3,2659
"VP(ADVP,VBN,NP)",3,2660
"FRAG(SBAR,NP,VP)",3,2661
"WHNP(WDT,DT,NN)",3,2662
"S(NP,PRN,SBAR)",3,2663
"NP(NP,SBAR,NN)",3,2664
"NP(LS,NP)",3,2665
"WHNP(WP,NN)",3,2666
"ADVP(RB,IN,PP)",3,2667
"ADJP(ADJP,CONJP,JJ)",3,2668
"VP(VBZ,PRN,PP)",3,2669
"PRN(S,CC,SBAR)",3,2670
"ADVP(RBR,RB,RB)",3,2671
"SBAR(WHNP,CC,S)",3,2672
"ADJP(JJ,RP)",2,2673
"SQ(CC,VP)",2,2674
"NP(DT,NNP,PRP)",2,2675
"VP(VP,SBARQ)",2,2676
"SBARQ(ADVP,WHNP,S)",2,2677
"NP(CD,CC,DT)",2,2678
"S(NP,NP,S)",2,2679
"NP(JJ,VP)",2,2680
"NP(NP,NN,CD)",2,2681
"SBAR(SBAR,CC)",2,2682
"NP(PRP$,NN,VBZ)",2,2683
"NML(JJ,NNPS)",2,2684
"ADVP(DT,CC,RB)",2,2685
"NP(LST,CC,NP)",2,2686
"NP(DT,VBP)",2,2687
"RRC(ADVP,ADJP)",2,2688
"WHNP(WRB,RB)",2,2689
"NP(NN,NP,PP)",2,2690
"VP(ADVP,VBD,NP)",2,2691
"S(PP,NP,SBAR)",2,2692
"NP(FW,ADJP)",2,2693
"NP(NN,CC,PP)",2,2694
"SBAR(ADVP,IN,SBAR)",2,2695
"QP(PDT,DT,NN)",2,2696
"ADVP(ADVP,CC,RBR)",2,2697
"NP(NN,CC,JJR)",2,2698
"VP(VBG,RB,NP)",2,2699
"NP(NP,NN,CC)",2,2700
"VP(DT,VP)",2,2701
"NP(NNP,NNP,RB)",2,2702
"WHNP(ADVP,PP)",2,2703
"NML(NNP,NN,NN)",2,2704
"VP(VBD,NP,UCP)",2,2705
"PP(IN,NP,NN)",2,2706
"ADVP(RP,RB)",2,2707
"CONJP(CC,PP)",2,2708
"WHNP(CC,WHPP)",2,2709
"NP(DT,JJ,VB)",2,2710
"ADJP(RB,NN,JJ)",2,2711
"S(NP,WHNP,VP)",2,2712
"ADVP(JJS,RB)",2,2713
"NP(QP,NNPS)",2,2714
"NP(VBN,NP)",2,2715
"SBAR(WHNP,CC,VP)",2,2716
"PRN(CC,VP)",2,2717
"NP(NML,JJ)",2,2718
"WHNP(WP$,ADJP,NNS)",2,2719
"NP(NN,DT,JJR)",2,2720
"VP(POS,SBAR)",2,2721
"ADJP(AFX,HYPH,JJ)",2,2722
"NP(ADJP,NNS,NNS)",2,2723
"NP(JJ,NNS,RB)",2,2724
"QP(RB,CD,NNS)",2,2725
"ADJP(RB,VBN,PRT)",2,2726
"NP(NN,HYPH,PP)",2,2727
"NP(JJ,NN,JJ)",2,2728
"NML(NN,POS)",2,2729
"NP(ADVP,DT,JJ)",2,2730
"UCP(NNP,CC,NNP)",2,2731
"NML(NN,NP)",2,2732
"SBAR(DT,PP)",2,2733
"S(NP,VP,SYM)",2,2734
"PP(IN,DT)",2,2735
"VP(VBZ,INTJ,SBAR)",2,2736
"INTJ(LS,NN)",2,2737
"NML(CC,NNS)",2,2738
"NML(NNP,HYPH,FW)",2,2739
"FRAG(PP,ADVP)",2,2740
"S(ADJP,PP,VP)",2,2741
"NP(PRP,CC,NN)",2,2742
"NP(DT,ADJP,NP)",2,2743
"NP(NFP,FW)",2,2744
"ADJP(ADJP,ADJP,S)",2,2745
"PP(IN,NP,SBAR)",2,2746
"NML(PRP$,NNS)",2,2747
"S(VP,PP)",2,2748
"NP(DT,NN,SBARQ)",2,2749
"PP(JJ,IN,PP)",2,2750
"NP(VBN,NNP,NN)",2,2751
"NP(DT,JJS,NNP)",2,2752
"FRAG(NP,FW,FW)",2,2753
"SBAR(IN,CONJP,VP)",2,2754
"NP(CD,NML,NN)",2,2755
"NP(QP,NNP)",2,2756
"NML(NML,JJ)",2,2757
"VP(FW,ADVP,VP)",2,2758
"ADJP(ADVP,CC,PP)",2,2759
"NP(DT,NML,JJ)",2,2760
"NP(PRP$,JJ,JJ)",2,2761
"NP(DT,NP,NP)",2,2762
"VP(MD,S,PP)",2,2763
"NP(NNP,NNPS,POS)",2,2764
"NP(DT,NML,VBZ)",2,2765
"NP(DT,NML,AFX)",2,2766
"NP(NP,NP,WHNP)",2,2767
"S(PP,WHNP,VP)",2,2768
"NP(ADVP,CC,NP)",2,2769
"NML(NN,HYPH,CD)",2,2770
"NP(NNP,NML,NNS)",2,2771
"S(ADVP,SINV)",2,2772
"WHNP(WDT,NNP)",2,2773
"S(S,RB,VP)",2,2774
"NP(DT,WRB)",2,2775
"ADJP(ADJP,PP,ADVP)",2,2776
"NP(CC,NP,S)",2,2777
"ADJP(RB,JJR,RP)",2,2778
"NP(VBG,HYPH,IN)",2,2779
"NP(ADJP,ADVP,SBAR)",2,2780
"NP(JJ,FW,FW)",2,2781
"SBARQ(WHNP,SBAR)",2,2782
"VP(FW,S)",2,2783
"S(PP,NP,PP)",2,2784
"NP(FRAG,NP)",2,2785
"FRAG(S,NP)",2,2786
"NML(NML,NNP,NNP)",2,2787
"SBAR(SBAR,CC,WHADVP)",2,2788
"VP(VBG,CC,SBAR)",2,2789
"VP(VB,NP,WHADVP)",2,2790
"ADJP(JJ,PRN,PP)",2,2791
"VP(VBZ,INTJ,PP)",2,2792
"ADJP(RB,RB,NN)",2,2793
"VP(ADVP,VBN,PRT)",2,2794
"ADVP(RB,IN,JJ)",2,2795
"NP(NNP,NNPS,NN)",2,2796
"VP(VBP,VP,SBAR)",2,2797
"VP(VBP,VP,PP)",2,2798
"NP(UH,VB)",2,2799
"PRN(CC,VBZ)",2,2800
"NP(NNP,JJ,NNP)",2,2801
"NP(JJ,IN,NP)",2,2802
"NML(NML,CONJP,NML)",2,2803
"SBAR(WHADVP,VP)",2,2804
"NP(CONJP,DT,NN)",2,2805
"PP(IN,NNS)",2,2806
"NP(NP,PP,RB)",2,2807
"ADVP(DT,NN,WHNP)",2,2808
"S(S,WHADVP,SQ)",2,2809
"VP(MD,ADVP,SBAR)",2,2810
"VP(ADVP,VBN,NN)",2,2811
"ADJP(ADJP,PRN,PP)",2,2812
"NP(DT,VBN,NML)",2,2813
"NP(NNS,ADJP,NNS)",2,2814
"VP(VBZ,INTJ,VP)",2,2815
"NP(ADVP,CD,NNS)",2,2816
"NP(VBN,HYPH,NNS)",2,2817
"VP(TO,S)",2,2818
"S(RB,SBAR,VP)",2,2819
"PP(CC,IN,ADJP)",2,2820
"NP(VBN,ADJP,NNS)",2,2821
"NP(JJ,CD,NNS)",2,2822
"NP(RB,ADJP)",2,2823
"SBAR(WHPP,PRN,S)",2,2824
"NP(VBG,JJ)",2,2825
"PP(IN,WHADVP)",2,2826
"ADJP(ADJP,RB,DT)",2,2827
"NML(JJ,DT)",2,2828
"PRN(INTJ,NP)",2,2829
"S(S,ADVP,SBAR)",2,2830
"ADJP(JJ,CONJP,NN)",2,2831
"UCP(ADJP,CC)",2,2832
"SQ(CC,VBZ,NP)",2,2833
"VP(VBG,HYPH,NP)",2,2834
"VP(VBG,HYPH,RB)",2,2835
"NP(NP,NFP,NN)",2,2836
"NP(NNP,DT)",2,2837
"PRN(INTJ,S)",2,2838
"WHNP(WDT,NN,AFX)",2,2839
"NP(NP,NP,NML)",2,2840
"NML(NNP,JJ,NNP)",2,2841
"VP(VP,CC,SQ)",2,2842
"VP(VBP,VP,NP)",2,2843
"ADVP(CC,RB,RB)",2,2844
"PP(PP,PRN)",2,2845
"QP(RB,JJ)",2,2846
"NP(DT,VBN,POS)",2,2847
"QP(DT,CC,DT)",2,2848
"SBAR(PP,NP)",2,2849
"NP(JJ,HYPH,VBG)",2,2850
"VP(ADVP,VBZ)",2,2851
"NP(NP,SYM)",2,2852
"ADJP(JJ,CC,PRP$)",2,2853
"NP(NP,FW,NN)",2,2854
"SBAR(IN,RB,RB)",2,2855
"NP(S,ADJP)",2,2856
"ADJP(ADJP,ADJP,SBAR)",2,2857
"NML(NML,CC)",2,2858
"NP(NN,EX)",2,2859
"ADJP(NN,NN,PP)",2,2860
"ADVP(NP,IN)",2,2861
"PP(IN,CC,RB)",2,2862
"NP(DT,ADJP,VBZ)",2,2863
"S(LS,NP,VP)",2,2864
"NML(NP,CC)",2,2865
"NP(ADJP,FW,NP)",2,2866
"S(FRAG,CC,S)",2,2867
"ADJP(IN,HYPH,NN)",2,2868
"NP(NN,TO)",2,2869
"NP(NP,VP,ADJP)",2,2870
"NP(JJS,NNS,POS)",2,2871
"NP(VB,VB)",2,2872
"VP(VP,NN)",2,2873
"VP(RB,VP)",2,2874
"PP(IN,NFP,NP)",2,2875
"VP(NN,CC,VBG)",2,2876
"WHADVP(WRB,HYPH,NN)",2,2877
"S(WHADVP,VP)",2,2878
"NP(ADVP,NP,VP)",2,2879
"NP(JJ,JJ,JJ)",2,2880
"SINV(VBP,NP,PP)",2,2881
"NML(NNP,HYPH)",2,2882
"ADJP(JJ,CC,NNP)",2,2883
"FRAG(RB,ADVP)",2,2884
"VP(VBP,PRN,SBAR)",2,2885
"S(SBAR,PP,S)",2,2886
"NP(RBR,PRP$,NN)",2,2887
"VP(NN,NP,SBAR)",2,2888
"NP(NP,NN,RB)",2,2889
"S(SINV,SINV)",2,2890
"SBAR(RB,WHNP,S)",2,2891
"ADVP(NNP,IN)",2,2892
"NP(NNP,IN,NNS)",2,2893
"NP(NNP,IN,NN)",2,2894
"INTJ(NNP,FW)",2,2895
"SBAR(IN,IN)",2,2896
"FRAG(NP,CC,SBAR)",2,2897
"NP(NNP,CC)",2,2898
"VP(CC,VBN,PP)",2,2899
"NML(ADJP,NNS)",2,2900
"VP(VB,ADJP,NN)",2,2901
"VP(ADJP,VBN,PP)",2,2902
"NP(UH,DT,NN)",2,2903
"PP(PP,CC)",2,2904
"NML(NP,NN)",2,2905
"VP(VBG,X)",2,2906
"FRAG(ADJP,NP)",2,2907
"VP(ADJP,PP)",2,2908
"VP(VBZ,PP,WHNP)",2,2909
"SQ(VBD,NP,SBAR)",2,2910
"NP(DT,NN,NFP)",2,2911
"ADVP(IN,RBR)",2,2912
"VP(VB,INTJ,PP)",2,2913
"NP(NNP,WRB)",2,2914
"NP(CD,VBZ)",2,2915
"VP(VB,LS,PP)",2,2916
"PP(VBG,WHPP)",2,2917
"SINV(NP,VP,NP)",2,2918
"VP(VBZ,HYPH,S)",2,2919
"NP(DT,PP,NN)",2,2920
"VP(ADJP,CC,VP)",2,2921
"S(ADVP,NFP,VP)",2,2922
"NP(RB,DT,RB)",2,2923
"S(S,ADJP,PP)",2,2924
"NP(DT,ADJP,VBN)",2,2925
"CONJP(VB,JJ)",2,2926
"NP(NP,ADVP,JJ)",2,2927
"NP(DT,NP,NNP)",2,2928
"SBARQ(WHADVP,RB,VP)",2,2929
"NP(IN,NNP,NNP)",2,2930
"SBAR(WHNP,CC,SBAR)",2,2931
"NP(ADVP,VB)",2,2932
"CONJP(RB,TO,VP)",2,2933
"ADJP(ADJP,ADJP,NN)",2,2934
"FRAG(NP,NP,PP)",2,2935
"NML(JJ,NNP,NNP)",2,2936
"SBAR(NP,VP)",2,2937
"NP(NP,NP,INTJ)",2,2938
"NP(DT,RBS,JJ)",2,2939
"CONJP(IN,RB,RB)",2,2940
"VP(VB,PRN,PP)",2,2941
"WHNP(WHNP,NN)",2,2942
"SQ(ADVP,WHNP,SQ)",2,2943
"FRAG(INTJ,FW,NP)",2,2944
"VP(FW,NP,VP)",2,2945
"NP(VP,FW,FW)",2,2946
"VP(VBZ,VP,S)",2,2947
"ADJP(JJ,CC,NNS)",2,2948
"PP(IN,PP,S)",2,2949
"PP(IN,SINV)",2,2950
"PRN(FW,NP)",2,2951
"SBAR(IN,UH)",2,2952
"VP(VBZ,NN,NN)",2,2953
"NP(DT,NN,ADVP)",2,2954
"NML(NNS,CC)",2,2955
"S(S,NP,PP)",2,2956
"SBARQ(WHADVP,PP,SQ)",2,2957
"SQ(MD,VP,VP)",2,2958
"ADVP(DT,NN,WHADVP)",2,2959
"NP(DT,S,NN)",2,2960
"S(CC,S,SBAR)",2,2961
"VP(VBN,RB,PP)",2,2962
"ADJP(JJ,CC,FW)",2,2963
"VP(POS,NNP)",2,2964
"NP(JJR,POS)",2,2965
"S(NP,NNS)",2,2966
"NP(PRP,HYPH,NN)",2,2967
"SINV(VBZ,NP,PP)",2,2968
"NP(HYPH,NNS)",2,2969
"VP(VBZ,ADVP,UCP)",2,2970
"ADJP(VBN,CC,NN)",2,2971
"NP(NN,CC,S)",2,2972
"PP(RB,ADVP)",2,2973
"PP(IN,CC,JJ)",2,2974
"ADVP(JJ,HYPH,RB)",2,2975
"WHNP(WHNP,WHNP,NN)",2,2976
"VP(RB,VBG)",2,2977
"NP(DT,HYPH,JJ)",2,2978
"SBARQ(CC,SQ)",2,2979
"VP(MD,NP,S)",2,2980
"VP(VBN,S,VP)",2,2981
"ADVP(NN,HYPH,UH)",2,2982
"WHNP(WP$,NP)",2,2983
"PRN(PP,NP)",2,2984
"NP(PRP,NNPS)",2,2985
"ADJP(IN,ADJP)",2,2986
"VP(VB,CC,ADVP)",2,2987
"NML(NML,HYPH,NP)",2,2988
"UCP(S,CC,PP)",2,2989
"ADVP(JJS,PP)",2,2990
"WHNP(WHADVP,NN)",2,2991
"NP(VBN,NML,NN)",2,2992
"VP(FW,ADVP,PP)",2,2993
"FRAG(PP,WHADVP,SQ)",2,2994
"NP(NN,FW,FW)",2,2995
"VP(VBD,VP,SBAR)",2,2996
"S(CC,PP,SBAR)",2,2997
"ADVP(JJ,CC,JJS)",2,2998
"NP(DT,ADJP,FW)",2,2999
"VP(VBZ,WHNP,SBAR)",2,3000
"FRAG(ADVP,SBARQ)",2,3001
"SINV(VP,NP,PP)",2,3002
"ADJP(RB,IN,PP)",2,3003
"NML(NNP,HYPH,JJ)",2,3004
"ADJP(JJ,DT)",2,3005
"ADJP(ADJP,JJR)",2,3006
"SINV(PP,VBZ,NP)",2,3007
"QP(RB,RB,JJ)",2,3008
"SQ(MD,ADVP,VP)",2,3009
"ADJP(ADJP,ADJP,JJ)",2,3010
"ADJP(RB,RB,S)",2,3011
"NP(NP,CONJP,NNS)",2,3012
"S(CC,SBAR,SBAR)",2,3013
"VP(NN,ADVP,VP)",2,3014
"NP(DT,PRP,NN)",2,3015
"NP(NN,CC,MD)",2,3016
"S(S,CC,ADJP)",2,3017
"ADVP(ADVP,IN,NP)",2,3018
"NP(NNS,FW)",2,3019
"NP(SYM,NNP)",2,3020
"NML(NNP,CC)",2,3021
"NML(NN,CC,DT)",2,3022
"SBAR(WDT,NP)",2,3023
"SINV(SQ,CC,SQ)",2,3024
"VP(VB,NP,NNS)",2,3025
"VP(VBD,PRN,NP)",2,3026
"NML(JJ,NN,NNS)",2,3027
"NP(NP,S,PP)",2,3028
"ADJP(JJ,PP,S)",2,3029
"NP(LST,FW)",2,3030
"VP(NN,NNS)",2,3031
"SQ(ADVP,WHADVP,SQ)",2,3032
"VP(PP,ADVP,VP)",2,3033
"PP(CONJP,NP)",2,3034
"FRAG(NP,CC,S)",2,3035
"VP(VB,VB,NP)",2,3036
"S(ADVP,PP,SQ)",2,3037
"PP(IN,FW,FW)",2,3038
"VP(VBP,INTJ,NP)",2,3039
"VP(VBG,PP,ADJP)",2,3040
"S(NP,NP,ADJP)",2,3041
"NP(S,NP,NP)",2,3042
"ADJP(RB,NN,PP)",2,3043
"NML(NP,NP)",2,3044
"VP(VBZ,IN,NP)",2,3045
"NP(DT,NNS,PP)",2,3046
"SBAR(IN,RB,PP)",2,3047
"WHNP(RB,WDT,NN)",2,3048
"PP(IN,SYM,PP)",2,3049
"ADJP(UH,FW)",2,3050
"VP(FW,NP,ADJP)",2,3051
"FRAG(LST,FW,FW)",2,3052
"S(FRAG,NP)",2,3053
"NP(NP,WHNP,VP)",2,3054
"PRN(NP,FW)",2,3055
"NP(RB,PP)",2,3056
"NP(FRAG,CC,NP)",2,3057
"VP(VBZ,HYPH,PP)",2,3058
"NP(DT,NML,VP)",2,3059
"NP(NNP,HYPH,NNPS)",2,3060
"VP(VBG,INTJ)",2,3061
"NP(NP,NP,SBARQ)",2,3062
"ADJP(CC,RB,JJ)",2,3063
"ADJP(JJ,PP,SBAR)",2,3064
"ADVP(FW,PP)",2,3065
"NP(NP,PRP$,NN)",2,3066
"ADJP(DT,NN)",2,3067
"ADJP(RBS,JJ,SBAR)",2,3068
"NP(JJS,NML,NN)",2,3069
"ADJP(NN,SBAR)",2,3070
"NP(PDT,DT,ADJP)",2,3071
"S(IN,SBAR,VP)",2,3072
"NP(WHNP,NP)",2,3073
"NP(NNS,NNS,FW)",2,3074
"S(ADVP,NN,VP)",2,3075
"VP(JJ,NN)",2,3076
"NP(VBG,HYPH,NNS)",2,3077
"VP(VB,HYPH,VB)",2,3078
"NP(NML,NP,NP)",2,3079
"ADVP(RB,IN,ADJP)",2,3080
"NML(NML,PP,PP)",2,3081
"ADJP(ADVP,RBR,JJ)",2,3082
"VP(VB,WHADVP,PP)",2,3083
"NP(ADJP,VBN)",2,3084
"NP(DT,VBN,ADJP)",2,3085
"PP(JJ,S)",2,3086
"ADJP(RB,NP)",2,3087
"VP(VBD,ADJP,VP)",2,3088
"SBAR(IN,HYPH,S)",2,3089
"FRAG(CC,WHNP)",2,3090
"NP(FW,RB)",2,3091
"QP(RB,RB,DT)",2,3092
"FRAG(CC,PP)",2,3093
"PP(IN,CONJP,NP)",2,3094
"VP(NN,CC,JJ)",2,3095
"S(NP,S,SBAR)",2,3096
"ADVP(RB,IN,SBAR)",2,3097
"SBARQ(WHNP,IN,S)",2,3098
"NP(NML,SBAR)",2,3099
"PP(IN,CC,S)",2,3100
"ADVP(RB,RB,JJR)",2,3101
"SBAR(SBAR,SBAR,SBAR)",2,3102
"VP(VBD,CC,VP)",2,3103
"NP(VB,SBAR)",2,3104
"SBARQ(WHADVP,SBAR,SQ)",2,3105
"NP(NN,NP,NP)",2,3106
"NP(PRP,CC,S)",2,3107
"PP(RB,HYPH,NP)",2,3108
"FRAG(CC,SBAR)",2,3109
"ADVP(ADVP,IN,SBAR)",2,3110
"VP(VP,CONJP,ADJP)",2,3111
"PRN(FW,S)",2,3112
"SBAR(IN,S,S)",2,3113
"S(LST,NP)",2,3114
"ADVP(JJ,UH)",2,3115
"NP(NML,JJ,NNPS)",2,3116
"VP(VBZ,CONJP)",2,3117
"ADVP(NN,CC,RB)",2,3118
"NP(QP,VBG,NNS)",2,3119
"NP(FW,CD)",2,3120
"WHNP(WP,JJR)",2,3121
"VP(ADVP,SBAR)",2,3122
"VP(PP,VBZ,PP)",2,3123
"S(SBAR,VP,VP)",2,3124
"VP(VB,NP,PRN)",2,3125
"ADJP(RB,JJ,NP)",2,3126
"S(SBAR,VP,S)",2,3127
"NP(DT,SYM)",2,3128
"LST(NN,POS)",2,3129
"NP(PP,SBAR)",2,3130
"VP(VBZ,ADJP,PRN)",2,3131
"NP(VBG,NML,NNS)",2,3132
"FRAG(WHNP,NP)",2,3133
"NP(JJ,VBG,NN)",2,3134
"NP(NN,NN,POS)",2,3135
"S(IN,S,VP)",2,3136
"NP(NP,PP,NNP)",2,3137
"NML(NNP,PRP$)",2,3138
"ADJP(NN,CC,VBN)",2,3139
"ADVP(ADVP,UH)",2,3140
"VP(VBG,IN)",2,3141
"VP(CC,VB,NP)",2,3142
"PP(IN,SYM,NP)",2,3143
"PP(ADVP,IN,RB)",2,3144
"VP(VBP,HYPH,NP)",2,3145
"NP(CC,SYM,CC)",2,3146
"NP(RBR,JJ,NNS)",2,3147
"NP(NFP,NN)",2,3148
"PP(IN,PRT)",2,3149
"S(S,FW,NP)",2,3150
"NP(PRP$,NNPS,NNP)",2,3151
"VP(VB,CC,S)",2,3152
"VP(VBZ,INTJ,NP)",2,3153
"ADVP(IN,PDT)",2,3154
"S(PP,PRN,VP)",2,3155
"NP(NP,NNP,POS)",2,3156
"NP(RB,CD,NNS)",2,3157
"ADJP(ADJP,FW,PP)",2,3158
"NP(QP,DT,NN)",2,3159
"CONJP(RB,IN,JJ)",2,3160
"NP(WHNP,VP)",2,3161
"S(SBAR,WHNP,VP)",2,3162
"S(S,S,FW)",2,3163
"ADVP(ADVP,IN,FRAG)",2,3164
"ADVP(UH,ADVP)",2,3165
"NP(NP,NFP)",2,3166
"NML(NNS,HYPH,JJ)",2,3167
"NML(NN,NN,JJ)",2,3168
"NP(ADJP,NN,VBG)",2,3169
"NP(DT,RB,NNS)",2,3170
"ADVP(IN,RB,JJ)",2,3171
"UCP(PP,CC,VP)",2,3172
"ADJP(NP,HYPH,IN)",2,3173
"NP(NP,PP,UCP)",2,3174
"NML(JJ,JJ,NNS)",2,3175
"VP(VBZ,VP,VP)",2,3176
"ADJP(ADVP,VBN,S)",2,3177
"VP(VP,CC,RB)",2,3178
"ADVP(RBR,HYPH,IN)",2,3179
"PP(IN,HYPH,ADVP)",2,3180
"NP(CC,NP,NP)",2,3181
"NP(CD,CC,CD)",2,3182
"NP(CC,NP,VP)",2,3183
"SBARQ(WHADVP,CC,SBAR)",2,3184
"NP(CC,SBAR)",2,3185
"NP(SYM,NN)",2,3186
"S(VP,SYM)",2,3187
"VP(VBN,PP,UCP)",2,3188
"VP(ADVP,VBD,ADVP)",2,3189
"VP(MD,RB,SBAR)",2,3190
"VP(ADJP,VP)",2,3191
"NP(NNP,VBG,NN)",2,3192
"NP(DT,NN,WRB)",2,3193
"NP(DT,NN,RBR)",2,3194
"NP(LST,SBAR)",2,3195
"NP(NP,PRN,NN)",2,3196
"SBAR(SBAR,PRN)",2,3197
"S(CC,ADJP,VP)",2,3198
"VP(NNP,PP)",2,3199
"NP(VB,NNP)",2,3200
"NP(PRP$,VBN)",2,3201
"UCP(PP,CC,ADJP)",2,3202
"VP(TO,VB)",2,3203
"SBAR(FW,NP)",2,3204
"ADJP(NP,HYPH,VBG)",2,3205
"NP(NNP,PRP$,NNP)",2,3206
"ADJP(DT,IN,JJ)",2,3207
"ADJP(JJ,HYPH)",2,3208
"VP(VP,PRN)",2,3209
"ADJP(RB,ADVP,ADJP)",2,3210
"ADVP(RP,NN)",2,3211
"ADVP(ADVP,VBN)",2,3212
"VP(FW,HYPH,NP)",2,3213
"S(VP,FW)",2,3214
"NP(UH,FW)",2,3215
"VP(VP,S,SBAR)",2,3216
"NP(NML,FW,NN)",2,3217
"S(PP,NP,NP)",2,3218
"ADJP(NN,DT)",2,3219
"S(NN,NP,VP)",2,3220
"NML(DT,JJ)",2,3221
"S(SBAR,PP)",2,3222
"VP(VBN,NNP)",2,3223
"ADJP(PP,PP)",2,3224
"SBAR(IN,NN,VP)",2,3225
"S(LS,VP)",2,3226
"ADVP(IN,JJ)",2,3227
"WHNP(WHADJP,PP)",2,3228
"NML(JJR,NNS)",2,3229
"NP(RBS,JJ,NN)",2,3230
"ADVP(FW,FW,NNP)",2,3231
"NP(PDT,DT,NNP)",2,3232
"VP(VP,PP,VP)",2,3233
"NML(NML,VBG)",2,3234
"FRAG(NP,S,NP)",2,3235
"FRAG(INTJ,VP)",2,3236
"VP(VBN,INTJ,PP)",2,3237
"ADJP(FW,FW,S)",2,3238
"NP(DT,DT,NNS)",2,3239
"PRN(S,NN)",2,3240
"ADJP(FW,FW,NNP)",2,3241
"NP(WDT,NN,NN)",2,3242
"NP(NML,JJ,NNP)",2,3243
"VP(VB,NNP)",2,3244
"WHNP(WHPP,PP)",2,3245
"ADJP(RB,DT,JJ)",2,3246
"NP(VP,VP)",2,3247
"ADVP(JJR,IN,JJ)",2,3248
"SINV(VP,S)",2,3249
"UCP(ADVP,CC,NP)",2,3250
"NP(PRP$,NP)",2,3251
"VP(VBG,CC,S)",2,3252
"VP(VBD,PRN,VP)",2,3253
"SINV(VBZ,NP,NP)",2,3254
"NP(DT,NML,POS)",2,3255
"NP(NP,DT,NNS)",2,3256
"NP(DT,NN,DT)",2,3257
"NP(NP,NML,NNPS)",2,3258
"VP(VBZ,NP,FRAG)",2,3259
"ADJP(JJ,NP,PP)",2,3260
"VP(VBG,PRT,ADVP)",2,3261
"S(WHADVP,NP,VP)",2,3262
"FRAG(NP,FW,NP)",2,3263
"NP(FW,NN,NNP)",2,3264
"NP(NN,RP)",2,3265
"SBARQ(SBAR,NP)",2,3266
"ADJP(JJS,CC,JJ)",2,3267
"S(SBARQ,SBAR)",2,3268
"CONJP(RB,RB,RB)",2,3269
"NP(PRP$,UH)",2,3270
"ADJP(ADJP,RB)",2,3271
"NP(DT,NP,NN)",2,3272
"S(PP,NP,S)",2,3273
"NP(NP,INTJ,NN)",2,3274
"S(NP,UCP)",2,3275
"VP(VBN,PRN,NP)",2,3276
"VP(VBD,CONJP,NP)",2,3277
"NP(VP,NP)",2,3278
"VP(VBG,S,NP)",2,3279
"SBAR(IN,RB,DT)",2,3280
"ADJP(JJR,NN)",2,3281
"NP(ADVP,ADJP,NNS)",2,3282
"SBAR(IN,CONJP,SQ)",2,3283
"S(CC,SBAR,NP)",2,3284
"VP(UH,NN)",2,3285
"ADJP(NNP,HYPH,IN)",2,3286
"NP(PRP,NNP,NNP)",2,3287
"SBAR(WHADVP,PRN,S)",2,3288
"SBAR(IN,HYPH,ADJP)",2,3289
"NP(NP,CC,NML)",2,3290
"NP(RB,PRP$,JJ)",2,3291
"QP(CC,RB)",2,3292
"S(S,INTJ)",2,3293
"NP(SBAR,PP)",2,3294
"SINV(UCP,VP,NP)",2,3295
"QP(RB,RB)",2,3296
"WHNP(WHNP,VP)",2,3297
"NP(NP,CC,WHNP)",2,3298
"NP(JJR,NN,RB)",2,3299
"VP(VBZ,SBAR,ADVP)",2,3300
"SBAR(SBAR,SBARQ)",2,3301
"UCP(SBAR,CC,PP)",2,3302
"PP(ADVP,IN)",2,3303
"VP(VBZ,S,ADJP)",2,3304
"ADJP(IN,HYPH,JJ)",2,3305
"NP(NN,JJ,JJ)",2,3306
"NP(NNS,CC,NP)",2,3307
"ADJP(RB,VB)",2,3308
"ADJP(JJR,HYPH,VBN)",2,3309
"PP(IN,FW)",2,3310
"SBARQ(CC,WHNP,SBAR)",2,3311
"ADJP(JJ,CC,VB)",2,3312
"S(S,PP,PP)",2,3313
"NP(NP,LST,NP)",2,3314
"ADJP(NP,RBR)",2,3315
"SBAR(JJ,S)",2,3316
"PP(CONJP,PP,PP)",2,3317
"NP(NP,NN,POS)",2,3318
"FRAG(NP,UH)",2,3319
"NP(CC,RB)",2,3320
"NP(PRP,UH)",2,3321
"FRAG(INTJ,PP)",2,3322
"VP(VBZ,X)",2,3323
"ADJP(ADJP,CC,PRN)",2,3324
"VP(NP,SBAR)",2,3325
"S(S,S,PP)",2,3326
"NML(NML,CC,ADVP)",2,3327
"VP(VB,CC,SBAR)",2,3328
"ADJP(PP,SBAR)",2,3329
"S(SBAR,CC,VP)",2,3330
"ADJP(NN,CC)",2,3331
"ADJP(ADJP,VBN,S)",2,3332
"S(ADVP,VP,S)",2,3333
"NP(NP,NFP,SBAR)",2,3334
"VP(ADVP,NP)",2,3335
"VP(VB,ADJP,PRN)",2,3336
"NP(DT,ADJP,NML)",2,3337
"PRN(CC,NP)",2,3338
"NP(ADJP,DT,JJR)",2,3339
"NP(JJS,JJ,NN)",2,3340
"NP(CC,JJ,NN)",2,3341
"NP(DT,NNS,RB)",2,3342
"S(VP,CC,NP)",2,3343
"ADVP(FW,RB)",2,3344
"NP(NNS,NP)",2,3345
"VP(VBZ,ADJP,NN)",2,3346
"NP(VBN,NML)",2,3347
"ADVP(ADVP,JJR)",2,3348
"NP(CD,VBG,NN)",2,3349
"S(SBARQ,NP)",2,3350
"S(PP,SBAR,S)",2,3351
"LST(FW,FW,FW)",2,3352
"VP(NN,ADVP,NP)",2,3353
"SBAR(PP,SBAR)",2,3354
"NP(IN,PRP)",2,3355
"VP(VBZ,ADVP,VBN)",2,3356
"NP(NN,CC,UH)",2,3357
"NP(RB,SBAR)",2,3358
"NP(NN,VB)",2,3359
"NP(CC,CD)",2,3360
"NP(NP,NNS,SBAR)",2,3361
"NP(RBR,JJ,NN)",2,3362
"ADJP(RB,JJ,DT)",2,3363
"PP(ADVP,NP)",2,3364
"NP(DT,ADJP,ADJP)",2,3365
"NP(DT,NN,WHADVP)",2,3366
"S(S,NP,ADJP)",2,3367
"NP(NNP,ADJP,NN)",2,3368
"SBAR(WHPP,VP)",2,3369
"FRAG(NP,FW)",2,3370
"NP(ADVP,JJR)",2,3371
"NP(NNP,NN,PRP)",2,3372
"SBAR(WHNP,PP,S)",2,3373
"NML(DT,NN)",2,3374
"S(PP,RB,S)",2,3375
"VP(VBP,NN)",2,3376
"WHNP(WDT,NN,RB)",2,3377
"PRN(S,SBAR)",2,3378
"ADJP(RB,ADVP)",2,3379
"QP(DT,CD,CD)",2,3380
"ADJP(RBS,RB,VBN)",2,3381
"NP(NNP,NP,VP)",2,3382
"NP(EX,JJ,NNS)",2,3383
"VP(TO,ADVP,NP)",2,3384
"ADJP(NN,ADJP,NNS)",2,3385
"NP(NP,RB,SBAR)",2,3386
"ADJP(JJR,RB)",2,3387
"LST(NN,NN)",2,3388
"NP(ADJP,RB,NNS)",2,3389
"SBARQ(WHADJP,VP)",2,3390
"NP(PRP$,JJ,JJS)",2,3391
"PP(ADVP,S)",2,3392
"NP(CC,PRP$,NN)",2,3393
"FRAG(NP,PP,VP)",2,3394
"VP(VBD,PRN)",2,3395
"PP(JJ,IN)",2,3396
"INTJ(UH,RB)",2,3397
"VP(NNS,PP,S)",2,3398
"FRAG(ADJP,NP,VP)",2,3399
"S(PP,PRN)",2,3400
"S(SQ,SBAR)",2,3401
"NP(NP,PRN,S)",2,3402
"ADJP(JJ,CONJP,S)",2,3403
"S(NP,ADJP,NP)",2,3404
"VP(NN,NP,NP)",2,3405
"FRAG(CC,RB,PP)",2,3406
"NP(DT,JJ,NP)",2,3407
"VP(VBN,VP,VP)",2,3408
"SBAR(UH,S)",2,3409
"S(PP,NP,NN)",2,3410
"UCP(ADJP,CC,SBAR)",2,3411
"ADVP(NP,RP)",2,3412
"SQ(VBZ,VP,VP)",2,3413
"UCP(NN,CC,NN)",2,3414
"ADJP(ADVP,VP)",2,3415
"NP(NNP,VBN,NN)",2,3416
"SBAR(PP,CC,S)",2,3417
"VP(TO,PP,NP)",2,3418
"ADVP(NP,ADVP)",2,3419
"NP(LS,NNS)",2,3420
"SBAR(WHNP,ADVP)",2,3421
"NP(NN,POS,NN)",2,3422
"ADJP(ADJP,CC)",2,3423
"SBAR(IN,UCP)",2,3424
"VP(VBD,WHNP)",2,3425
"NP(QP,HYPH,NN)",2,3426
"ADJP(JJR,ADVP,PP)",2,3427
"NP(DT,VBG,CD)",2,3428
"PP(IN,RB,PP)",2,3429
"VP(VBZ,FW,SBAR)",2,3430
"NP(NNPS,POS)",2,3431
"ADJP(NP,HYPH,RB)",2,3432
"NP(NP,NNP,SBAR)",2,3433
"NP(NP,CC)",2,3434
"ADVP(RB,HYPH,UH)",2,3435
"NP(FW,NNS,FW)",2,3436
"WHNP(WHNP,RB)",2,3437
"NP(NN,CC,LS)",2,3438
"NP(LS,CC,LS)",2,3439
"ADJP(NP,CC,NP)",2,3440
"NP(IN,JJ)",2,3441
"ADJP(ADVP,ADVP,VP)",2,3442
"ADVP(JJR,IN,NP)",2,3443
"VP(VBN,NN,S)",2,3444
"SBARQ(WHNP,SBAR,VP)",2,3445
"VP(VBN,ADJP,PRN)",2,3446
"VP(NNP,NP,NP)",2,3447
"UCP(NP,CC,ADVP)",2,3448
"NP(RBR,DT,NN)",2,3449
"NML(NP,HYPH,NML)",2,3450
"NP(NML,HYPH,NNS)",2,3451
"SINV(CC,VP,NP)",2,3452
"SBARQ(WHNP,SQ,S)",2,3453
"VP(TO,VP,VP)",2,3454
"NP(RB,CD,NN)",2,3455
"SBARQ(CC,WHADVP,VP)",2,3456
"LST(UH,CC,UH)",2,3457
"NP(UH,NNS)",2,3458
"PP(UH,PP)",2,3459
"SBARQ(SBAR,WHNP,VP)",2,3460
"VP(MD,VP,VP)",2,3461
"NP(EX,DT,NNS)",2,3462
"NP(NP,WHNP,NP)",2,3463
"ADJP(ADJP,CC,RB)",2,3464
"NP(CD,NNP,POS)",2,3465
"VP(VBD,S,NP)",2,3466
"VP(NN,CC,VP)",2,3467
"ADVP(IN,RB,PP)",2,3468
"VP(VBP,PRT,ADVP)",2,3469
"S(ADVP,NP,S)",2,3470
"VP(VBP,NP,WHADVP)",2,3471
"VP(UH,SBAR)",2,3472
"NP(CD,RB)",2,3473
"VP(VBZ,RB,JJ)",2,3474
"CONJP(RB,RB,JJ)",2,3475
"NML(VBG,HYPH,NN)",2,3476
"NP(VB,CC,NN)",2,3477
"PP(IN,IN,PP)",2,3478
"NML(NN,HYPH,DT)",2,3479
"S(DT,VP)",2,3480
"PP(RBR,IN,NP)",2,3481
"ADJP(JJ,PP,ADVP)",2,3482
"ADJP(RB,UH)",2,3483
"NP(PP,NN)",2,3484
"FRAG(ADVP,RB,NP)",2,3485
"VP(VP,RB,ADJP)",2,3486
"VP(VBG,ADJP,S)",2,3487
"FRAG(PP,VP)",2,3488
"NP(DT,NML,VB)",2,3489
"S(PP,PP,PRN)",2,3490
"ADJP(NNP,HYPH,NN)",2,3491
"NP(CD,NNP,NNPS)",2,3492
"ADJP(CC,RBR,JJ)",2,3493
"CONJP(RB,PP)",2,3494
"ADJP(NN,VP)",2,3495
"WHNP(WP$,NML)",2,3496
"CONJP(RB,WRB)",2,3497
"VP(PRP,VP)",2,3498
"S(CC,ADVP,PP)",2,3499
"NP(S,VP)",2,3500
"VP(VBG,HYPH,IN)",2,3501
"NP(NP,CONJP,SBAR)",2,3502
"NP(DT,JJ,UH)",2,3503
"WHNP(WP$,NN,NNP)",2,3504
"NP(PP,NP,VP)",2,3505
"QP(RB,RB,CD)",2,3506
"NP(NP,NP,CC)",2,3507
"ADVP(ADVP,RBR)",2,3508
"FRAG(INTJ,NP,VP)",2,3509
"SBARQ(WHADVP,SQ,SBAR)",2,3510
"VP(MD,RB,S)",2,3511
"PP(ADVP,IN,VP)",2,3512
"NP(NN,PRN)",2,3513
"S(S,VP,PP)",2,3514
"VP(VBZ,UCP,PP)",2,3515
"SQ(CC,MD,NP)",2,3516
"PP(NP,CC,PP)",2,3517
"S(NP,UCP,VP)",2,3518
"ADVP(JJR,IN)",2,3519
"PP(FW,IN,NP)",2,3520
"NP(LST,NP,NP)",2,3521
"S(ADVP,NN)",2,3522
"ADVP(CC,PP)",2,3523
"NML(NP,NNP)",2,3524
"VP(TO,ADVP)",2,3525
"ADJP(FW,FW,PP)",2,3526
"ADVP(FW,NN)",2,3527
"SQ(VBD,NP,PP)",2,3528
"ADJP(DT,HYPH,VBN)",2,3529
"NP(PRP$,JJ,ADJP)",2,3530
"NP(NNS,HYPH,RB)",2,3531
"WHADJP(RB,WDT)",2,3532
"NP(NML,NML)",2,3533
"VP(VBP,PP,PRN)",2,3534
"SBAR(IN,S,SBAR)",2,3535
"VP(JJ,PP,SBAR)",2,3536
"NP(NP,NP,X)",2,3537
"LST(LS,RB)",2,3538
"FRAG(LST,NP)",2,3539
"NP(PRP$,CD,NNPS)",2,3540
"PP(PRN,CC,PP)",2,3541
"ADVP(ADVP,IN)",2,3542
"NP(DT,VBG,RB)",2,3543
"ADJP(ADJP,PRN,SBAR)",2,3544
"NP(NNPS,JJ,NN)",2,3545
"VP(VBZ,NP,SBARQ)",2,3546
"NML(NN,HYPH)",2,3547
"S(NP,FW,FW)",2,3548
"VP(VBZ,WHADVP,SBAR)",2,3549
"NP(CD,CD,NNS)",2,3550
"ADJP(JJ,RBR,JJ)",2,3551
"ADJP(CONJP,JJ,PP)",2,3552
"NP(SBAR,NP,PP)",2,3553
"NP(NP,RB,RB)",2,3554
"NP(NP,CC,VB)",2,3555
"SINV(CC,VBP,NP)",2,3556
"S(SBAR,NP,SBAR)",2,3557
"NP(DT,JJS,RP)",2,3558
"PP(ADVP,VBG,NP)",2,3559
"NP(LS,CC,NN)",2,3560
"ADJP(NP,RB,JJ)",2,3561
"ADVP(JJR,RP)",2,3562
"QP(CD,CC,DT)",2,3563
"ADVP(RB,VBN,S)",2,3564
"VP(VBD,SBAR,PP)",2,3565
"VP(VP,HYPH,VP)",2,3566
"PP(PP,IN,S)",2,3567
"SBARQ(SBAR,VP)",2,3568
"S(VP,SBARQ)",1,3569
"NP(NP,SYM,UH)",1,3570
"NP(S,NN,SBAR)",1,3571
"PP(IN,VBZ,NP)",1,3572
"NP(NNP,VBP)",1,3573
"ADJP(JJ,TO)",1,3574
"NP(DT,NNP,VB)",1,3575
"NML(NN,PRP)",1,3576
"SBARQ(CC,SBAR,SQ)",1,3577
"ADJP(JJ,PP,ADJP)",1,3578
"NP(JJ,NML,ADJP)",1,3579
"NP(NML,NN,VBZ)",1,3580
"VP(VB,PRT,CONJP)",1,3581
"VP(VBZ,CC,SBAR)",1,3582
"NP(NN,WDT)",1,3583
"NP(VBN,NNP,POS)",1,3584
"NP(DT,JJS,ADJP)",1,3585
"NP(PRP,NNP,POS)",1,3586
"NP(NNS,CC,RB)",1,3587
"NP(VP,CC,S)",1,3588
"S(DT,NN,NN)",1,3589
"VP(TO,NP,SBAR)",1,3590
"NML(NP,CC,NP)",1,3591
"S(UCP,NP)",1,3592
"ADVP(PDT,RB)",1,3593
"ADJP(CC,NP)",1,3594
"VP(NNS,NP,ADVP)",1,3595
"NP(NP,NNP,VBG)",1,3596
"NML(NNS,IN)",1,3597
"UCP(ADVP,CC,VP)",1,3598
"VP(RB,ADVP,VP)",1,3599
"PP(IN,SBAR,WHNP)",1,3600
"VP(FW,FW,ADJP)",1,3601
"NP(ADVP,PRP$,JJ)",1,3602
"NP(PDT,DT,CD)",1,3603
"NP(ADJP,VBG,IN)",1,3604
"NP(CC,NML,NN)",1,3605
"ADJP(NN,HYPH,CC)",1,3606
"SINV(VB,S,PP)",1,3607
"NP(NP,HYPH,VBN)",1,3608
"SBAR(SBAR,IN,SBAR)",1,3609
"PRN(S,NNP)",1,3610
"S(ADVP,ADVP,S)",1,3611
"NP(PRP,DT,NNP)",1,3612
"ADJP(DT,ADJP)",1,3613
"ADJP(NN,CC,DT)",1,3614
"NP(NFP,NNP,NNP)",1,3615
"ADJP(NP,FW,NP)",1,3616
"PP(JJ,SBAR)",1,3617
"QP(CC,IN,CD)",1,3618
"VP(POS,NN,ADVP)",1,3619
"VP(VBN,HYPH,NN)",1,3620
"NP(NN,HYPH,PRP)",1,3621
"NP(JJ,NN,PRP)",1,3622
"S(NP,FW)",1,3623
"PP(IN,CC,ADVP)",1,3624
"WHADJP(WRB,RB,JJR)",1,3625
"PRN(S,UH)",1,3626
"PP(PP,PP,SBAR)",1,3627
"NP(JJR,NNS,POS)",1,3628
"NP(ADJP,NP,SBAR)",1,3629
"NP(ADVP,NP,NNS)",1,3630
"VP(VBG,PP,UCP)",1,3631
"SBAR(IN,PRN)",1,3632
"NP(PRP$,FW)",1,3633
"ADVP(RB,RB,WRB)",1,3634
"PP(IN,S,CC)",1,3635
"VP(FW,NP,X)",1,3636
"NP(NNP,HYPH,IN)",1,3637
"NP(FW,FW,JJ)",1,3638
"NP(ADJP,VB,SBAR)",1,3639
"NML(RB,HYPH,NNS)",1,3640
"NP(NN,PRP$,NNS)",1,3641
"VP(POS,NP,S)",1,3642
"NP(JJ,HYPH,JJ)",1,3643
"NP(NNS,CC,VB)",1,3644
"NP(ADJP,FW,NNP)",1,3645
"SBAR(CC,RB,S)",1,3646
"SBAR(IN,ADVP,NP)",1,3647
"UCP(VBN,CC,JJ)",1,3648
"VP(VBD,CC,VBN)",1,3649
"VP(VBZ,RB,CD)",1,3650
"ADVP(RBR,IN,PP)",1,3651
"NP(VP,NN,NP)",1,3652
"ADJP(RB,JJ,ADJP)",1,3653
"VP(VB,SBAR,NN)",1,3654
"WHNP(CONJP,WHPP)",1,3655
"WHNP(WHADJP,JJ,NN)",1,3656
"NP(FW,DT,NNS)",1,3657
"S(SQ,SQ)",1,3658
"NP(PRN,JJ,NNS)",1,3659
"VP(VB,VB,NN)",1,3660
"S(ADJP,PRN,PP)",1,3661
"NP(SBAR,VP)",1,3662
"ADVP(UH,CC,UH)",1,3663
"VP(VBZ,ADJP,WHADVP)",1,3664
"VP(VBD,VBZ,ADVP)",1,3665
"VP(VBD,CC,VBZ)",1,3666
"ADJP(DT,RB,JJ)",1,3667
"NP(RB,NNS,NNS)",1,3668
"FRAG(S,NP,NP)",1,3669
"NP(JJR,ADJP,NNS)",1,3670
"ADJP(QP,RBR,JJ)",1,3671
"NP(DT,UH,NNS)",1,3672
"VP(TO,INTJ)",1,3673
"NP(EX,JJ,NN)",1,3674
"NP(RB,IN)",1,3675
"SQ(VBZ,SBAR,VP)",1,3676
"NP(DT,VBG,IN)",1,3677
"NP(ADJP,NN,S)",1,3678
"FRAG(NP,CONJP,SBAR)",1,3679
"ADVP(RP,CC,IN)",1,3680
"S(VP,PP,PP)",1,3681
"FRAG(INTJ,NP,ADVP)",1,3682
"S(ADJP,FW,FW)",1,3683
"NP(LS,UCP,ADJP)",1,3684
"NP(NP,NNP,PRP)",1,3685
"UCP(NP,CC,NN)",1,3686
"SBARQ(WHADVP,SQ,S)",1,3687
"ADJP(JJ,VBN,ADJP)",1,3688
"QP(CD,NNS)",1,3689
"NP(FW,NP,NP)",1,3690
"NP(NNS,NNP,NNP)",1,3691
"NP(DT,ADJP,CD)",1,3692
"WHNP(IN,VBP)",1,3693
"SBAR(SBAR,WHNP,VP)",1,3694
"NP(NP,CC,VBP)",1,3695
"INTJ(VBP,CC,FW)",1,3696
"SINV(PP,SINV)",1,3697
"ADJP(JJ,CC,SBAR)",1,3698
"ADVP(ADVP,DT,JJ)",1,3699
"PP(PP,IN,JJS)",1,3700
"WHADVP(WRB,CC,NN)",1,3701
"S(PP,SINV)",1,3702
"ADVP(IN,IN)",1,3703
"FRAG(SBAR,S)",1,3704
"WHNP(WDT,ADJP)",1,3705
"NP(ADJP,RB,NN)",1,3706
"ADJP(RB,VBG,NN)",1,3707
"PP(JJ,IN,SQ)",1,3708
"SBARQ(CC,SBAR,VP)",1,3709
"NML(NNP,CC,NML)",1,3710
"VP(VBP,NP,SBARQ)",1,3711
"ADJP(ADVP,HYPH,VBN)",1,3712
"ADVP(RB,HYPH,NN)",1,3713
"NML(NNP,NNP,CD)",1,3714
"NP(DT,CD,CD)",1,3715
"NP(FW,PRP)",1,3716
"VP(NN,S,S)",1,3717
"NP(ADJP,CC,JJ)",1,3718
"S(ADVP,WHNP,VP)",1,3719
"NP(PRP$,NNS,SBARQ)",1,3720
"WHADVP(WRB,RB,JJR)",1,3721
"NP(RB,PRP$,ADJP)",1,3722
"NP(WRB,HYPH,NNS)",1,3723
"WHNP(WP,NNS)",1,3724
"VP(VBZ,NN)",1,3725
"SBAR(IN,RB,NP)",1,3726
"ADVP(RB,ADVP,SBAR)",1,3727
"NP(ADVP,ADJP)",1,3728
"NP(NNS,NML,NNS)",1,3729
"FRAG(ADVP,PP,NP)",1,3730
"NP(NN,WHADVP,NN)",1,3731
"ADJP(RBR,JJR)",1,3732
"NP(NP,LS,NN)",1,3733
"WHNP(WDT,NML,NN)",1,3734
"NP(JJ,NN,FW)",1,3735
"NP(VB,S)",1,3736
"ADJP(JJ,CC,NP)",1,3737
"NP(PDT,NP,NN)",1,3738
"ADVP(ADVP,PRN,SBAR)",1,3739
"WHNP(WHPP,JJ)",1,3740
"PP(PP,ADVP,VP)",1,3741
"SINV(VP,PP)",1,3742
"NP(VBN,NNS,NN)",1,3743
"SBAR(IN,PP,NP)",1,3744
"VP(VBN,NNS,NNS)",1,3745
"NML(FW,HYPH,NN)",1,3746
"FRAG(CC,NP,NN)",1,3747
"NML(DT,NML)",1,3748
"UCP(ADJP,CONJP)",1,3749
"NP(VP,S)",1,3750
"ADVP(DT,JJ)",1,3751
"FRAG(PP,SQ)",1,3752
"S(WHNP,SBAR)",1,3753
"VP(VB,UCP,NP)",1,3754
"NP(NN,QP,DT)",1,3755
"SBAR(IN,PRP$,S)",1,3756
"NP(RB,HYPH,NNP)",1,3757
"ADJP(ADJP,NP,PP)",1,3758
"WHADVP(WRB,RB,RB)",1,3759
"VP(VB,NNP,SBAR)",1,3760
"NML(NP,PP,PP)",1,3761
"NP(PRP$,VBD,NNP)",1,3762
"PP(VBG,HYPH,NP)",1,3763
"ADVP(RB,CC,VBG)",1,3764
"PP(IN,NFP,NFP)",1,3765
"ADJP(DT,JJR,S)",1,3766
"NP(INTJ,SBAR)",1,3767
"ADVP(IN,RB,RB)",1,3768
"NML(NFP,NN)",1,3769
"VP(VBZ,SYM,NP)",1,3770
"LST(DT,NN)",1,3771
"ADVP(RP,HYPH,NN)",1,3772
"ADVP(ADJP,SBAR)",1,3773
"SINV(IN,VP,S)",1,3774
"ADJP(ADJP,JJ,NNS)",1,3775
"VP(VP,PRN,NP)",1,3776
"FRAG(LST,ADVP,VP)",1,3777
"S(SBAR,S,NP)",1,3778
"VP(VBZ,HYPH,ADVP)",1,3779
"ADVP(RB,WDT)",1,3780
"S(IN,VP)",1,3781
"S(CC,NP,ADJP)",1,3782
"VP(VB,VBG,NP)",1,3783
"FRAG(ADVP,NP,S)",1,3784
"VP(VBN,CC,ADJP)",1,3785
"VP(VBG,VBG,FW)",1,3786
"NP(IN,HYPH,NNP)",1,3787
"NML(DT,SYM,NN)",1,3788
"ADJP(NNP,UH)",1,3789
"NML(NML,NP)",1,3790
"SBARQ(ADVP,INTJ)",1,3791
"FRAG(INTJ,INTJ,NP)",1,3792
"VP(VBN,INTJ,SBAR)",1,3793
"NP(CC,NML,NNS)",1,3794
"ADJP(VBN,PRT,NP)",1,3795
"ADJP(ADJP,CC,NNS)",1,3796
"ADJP(VBN,CC,NP)",1,3797
"NP(UH,HYPH,PRP)",1,3798
"NP(NNS,NNS,NNS)",1,3799
"ADVP(RB,EX)",1,3800
"VP(VBP,MD,ADVP)",1,3801
"ADVP(ADJP,RB)",1,3802
"NP(ADVP,FW,NP)",1,3803
"VP(VBG,ADJP,NN)",1,3804
"S(LST,ADVP)",1,3805
"ADJP(NN,HYPH,VB)",1,3806
"FRAG(CC,NP,PP)",1,3807
"NP(CONJP,PP)",1,3808
"VP(VBN,HYPH,PP)",1,3809
"NP(DT,NN,HYPH)",1,3810
"VP(VP,SYM,NP)",1,3811
"NP(NN,ADJP,PP)",1,3812
"NML(JJ,NML)",1,3813
"VP(VB,MD,PP)",1,3814
"WHNP(IN,NNP)",1,3815
"NP(ADJP,CC,S)",1,3816
"ADJP(RB,ADVP,VBN)",1,3817
"S(WHNP,S)",1,3818
"SBAR(SBAR,S,S)",1,3819
"S(S,NN)",1,3820
"NP(NML,NNP,NNPS)",1,3821
"NP(JJ,SBAR,S)",1,3822
"NP(PRP$,VBG,NML)",1,3823
"ADJP(JJ,RB,DT)",1,3824
"VP(IN,IN,SBAR)",1,3825
"VP(VB,WHPP,PP)",1,3826
"PP(IN,IN,FRAG)",1,3827
"VP(VP,SBAR,SBAR)",1,3828
"VP(RB,HYPH,VBG)",1,3829
"S(CC,SBAR,PP)",1,3830
"WHNP(WHNP,CC,S)",1,3831
"VP(VBN,PP,NN)",1,3832
"ADJP(NN,HYPH,FW)",1,3833
"NP(VB,PRT)",1,3834
"NP(QP,WDT)",1,3835
"VP(VB,NP,INTJ)",1,3836
"PRT(IN,NP)",1,3837
"VP(NN,SBAR,SBAR)",1,3838
"ADJP(VBN,ADVP,PP)",1,3839
"NP(DT,WHPP)",1,3840
"WHPP(JJ,WHPP)",1,3841
"PRN(CC,MD)",1,3842
"NP(ADVP,ADVP,PP)",1,3843
"NP(NP,ADVP,RB)",1,3844
"VP(PP,CC,NP)",1,3845
"NP(AFX,JJ,NN)",1,3846
"ADJP(ADJP,PRN,S)",1,3847
"QP(CD,HYPH,JJ)",1,3848
"VP(ADVP,VB,ADJP)",1,3849
"VP(VBG,PP,POS)",1,3850
"S(NP,RB,NP)",1,3851
"S(PRN,NP)",1,3852
"ADJP(ADVP,DT)",1,3853
"NP(NP,S,VP)",1,3854
"NP(CD,NN,S)",1,3855
"NP(NP,NML,ADJP)",1,3856
"S(SBAR,ADVP)",1,3857
"NP(ADJP,NNS,NP)",1,3858
"PRN(NN,NN)",1,3859
"S(FRAG,NP,NP)",1,3860
"SBARQ(WHNP,INTJ,SQ)",1,3861
"PRN(S,PP,VP)",1,3862
"NML(S,HYPH,NML)",1,3863
"VP(VBN,NP,ADJP)",1,3864
"NP(CC,S,NNS)",1,3865
"VP(VBD,CC,JJ)",1,3866
"NP(NP,S,NNS)",1,3867
"NML(NN,HYPH,FW)",1,3868
"VP(MD,FW,NP)",1,3869
"FRAG(INTJ,NP,INTJ)",1,3870
"SBAR(WHADVP,IN,S)",1,3871
"NP(FRAG,NP,NP)",1,3872
"ADJP(UH,SBAR)",1,3873
"NP(PRP,NNP,FW)",1,3874
"PP(PP,UH,PP)",1,3875
"ADJP(CC,ADJP,DT)",1,3876
"PP(ADVP,RP,SBAR)",1,3877
"VP(VP,VP,ADVP)",1,3878
"NP(AFX,CC,FW)",1,3879
"NP(NP,VB,NNP)",1,3880
"VP(ADVP,VBZ,NP)",1,3881
"ADJP(JJ,HYPH,NNP)",1,3882
"S(ADJP,ADVP,SBAR)",1,3883
"VP(NN,HYPH,ADVP)",1,3884
"VP(VBG,CC,NML)",1,3885
"ADVP(RB,RBS)",1,3886
"ADVP(WHADVP,RB)",1,3887
"ADJP(NNP,CC,JJ)",1,3888
"NP(CD,CC,ADJP)",1,3889
"NP(PP,NP,NP)",1,3890
"LST(DT,SYM)",1,3891
"ADJP(RB,JJ,JJ)",1,3892
"ADVP(RB,CD)",1,3893
"WHNP(WHNP,WP)",1,3894
"PRN(FW,PRN)",1,3895
"NP(RB,DT,PP)",1,3896
"ADVP(ADVP,CONJP,NP)",1,3897
"VP(SBAR,VP)",1,3898
"VP(VBD,VP,NP)",1,3899
"NP(RBR,ADVP)",1,3900
"ADVP(IN,IN,NN)",1,3901
"PP(NN,NP)",1,3902
"WHADVP(WRB,VBN)",1,3903
"VP(NN,NN,NN)",1,3904
"VP(ADJP,ADVP,PP)",1,3905
"VP(ADVP,NN,S)",1,3906
"NP(ADVP,NN,VBN)",1,3907
"VP(VBP,HYPH,VBP)",1,3908
"VP(PP,CC,S)",1,3909
"SBARQ(SBARQ,WHNP,SQ)",1,3910
"WHADVP(IN,S)",1,3911
"RRC(ADVP,PP)",1,3912
"NP(DT,HYPH,VBN)",1,3913
"S(S,NP,ADVP)",1,3914
"ADJP(RBR,NP)",1,3915
"UCP(NP,SBAR)",1,3916
"PP(VBG,PP,PP)",1,3917
"NP(JJ,NN,VP)",1,3918
"ADJP(ADJP,JJ,NN)",1,3919
"NP(RB,INTJ,NP)",1,3920
"S(SBAR,VP,SQ)",1,3921
"WHNP(WP$,NN,PP)",1,3922
"ADJP(VBN,HYPH,NN)",1,3923
"S(ADVP,PP,PP)",1,3924
"VP(VB,NFP,PP)",1,3925
"SBAR(SBAR,WHNP,SQ)",1,3926
"ADJP(IN,NP)",1,3927
"WHADVP(WRB,CC,SBAR)",1,3928
"VP(VBN,PP,FW)",1,3929
"NML(NN,NN,POS)",1,3930
"S(VP,NP,PP)",1,3931
"VP(VBN,NP,VP)",1,3932
"QP(JJR,CC,RBR)",1,3933
"ADJP(VP,SBAR)",1,3934
"NP(PRP,POS,NNP)",1,3935
"ADJP(ADJP,ADJP,NP)",1,3936
"PP(RB,IN,SBAR)",1,3937
"WHNP(WHNP,CC,PP)",1,3938
"NP(VB,NNS,NN)",1,3939
"NP(JJ,NNS,JJ)",1,3940
"UCP(PP,CC,UCP)",1,3941
"VP(ADJP,VBP,S)",1,3942
"NP(QP,JJR,NNS)",1,3943
"VP(PRP,NP,SBAR)",1,3944
"VP(VBN,CC,PP)",1,3945
"VP(VBP,ADVP,JJ)",1,3946
"PRN(CC,PP)",1,3947
"ADVP(NN,NNS)",1,3948
"PP(IN,NN,PP)",1,3949
"S(NP,PRN,NP)",1,3950
"NP(NNP,JJS,NN)",1,3951
"NP(PDT,DT,IN)",1,3952
"NP(NP,NML,NP)",1,3953
"NML(HYPH,RB)",1,3954
"UCP(PP,CC,RB)",1,3955
"ADJP(RB,IN,NP)",1,3956
"CONJP(RB,IN,CD)",1,3957
"ADJP(ADVP,PP,PP)",1,3958
"NML(NNP,HYPH,DT)",1,3959
"NP(NML,CD,NN)",1,3960
"VP(VBP,RB,WHNP)",1,3961
"VP(VBP,RB,FRAG)",1,3962
"SBAR(WHNP,WHPP,NP)",1,3963
"VP(MD,UCP,S)",1,3964
"NP(JJ,NN,CD)",1,3965
"VP(NN,ADVP,S)",1,3966
"NP(UCP,JJ,NNS)",1,3967
"NML(NP,HYPH,VBG)",1,3968
"FRAG(PP,INTJ)",1,3969
"VP(VB,SYM,VP)",1,3970
"VP(VP,PRN,VP)",1,3971
"PP(PP,PP,VP)",1,3972
"SBAR(WDT,NP,VP)",1,3973
"PRN(VBP,ADJP)",1,3974
"ADVP(ADVP,PRP$,JJ)",1,3975
"S(PP,SBAR,NP)",1,3976
"NP(DT,JJ,VP)",1,3977
"SBAR(SBAR,LS,S)",1,3978
"NP(VBN,VBP)",1,3979
"S(SBAR,PP,SQ)",1,3980
"S(NP,PP,NP)",1,3981
"ADJP(JJ,HYPH,S)",1,3982
"PP(PP,ADVP,NP)",1,3983
"PRN(S,RB,PP)",1,3984
"FRAG(S,WHADVP,SQ)",1,3985
"ADVP(ADVP,ADJP,NNS)",1,3986
"NP(NN,CC,NNPS)",1,3987
"NP(NP,CC,QP)",1,3988
"NP(DT,HYPH,NNP)",1,3989
"S(NP,NN,NP)",1,3990
"SBAR(PP,PP,VP)",1,3991
"ADVP(RB,JJ,NN)",1,3992
"NP(NNP,HYPH,VB)",1,3993
"ADVP(VB,RB)",1,3994
"VP(VBN,CC,S)",1,3995
"NML(NNP,CC,PRP$)",1,3996
"PP(ADVP,CC,SBAR)",1,3997
"VP(VBP,VP,S)",1,3998
"PP(VBG,SBAR,VP)",1,3999
"NML(ADJP,HYPH,NN)",1,4000
"VP(ADVP,VBD,VP)",1,4001
"NP(CD,FW,FW)",1,4002
"FRAG(LST,NP,NP)",1,4003
"NP(MD,CC,NN)",1,4004
"SQ(LST,SQ)",1,4005
"FRAG(CC,ADVP,SBARQ)",1,4006
"VP(CC,VBN,SBAR)",1,4007
"S(ADVP,NNS,VP)",1,4008
"ADJP(ADJP,PP,VP)",1,4009
"VP(VBP,NP,FW)",1,4010
"ADJP(DT,JJ,JJR)",1,4011
"NP(NNP,FW,UH)",1,4012
"SBAR(WP,S)",1,4013
"ADJP(ADVP,RB,VBN)",1,4014
"VP(CC,RB,VP)",1,4015
"VP(RB,JJ,PP)",1,4016
"NP(VBG,ADJP,NN)",1,4017
"ADJP(JJS,IN,S)",1,4018
"NP(NP,VBN,NNP)",1,4019
"S(NP,CC,NP)",1,4020
"NP(DT,JJ,VBD)",1,4021
"NP(NP,FW,VBG)",1,4022
"SBAR(IN,RB,UCP)",1,4023
"NP(DT,IN,IN)",1,4024
"VP(VBP,SBAR,ADVP)",1,4025
"FRAG(LST,PP,NP)",1,4026
"NP(RB,NML)",1,4027
"ADJP(NML,FW)",1,4028
"NP(ADJP,NML,FW)",1,4029
"NP(NNS,HYPH,JJ)",1,4030
"ADVP(RB,HYPH,VBG)",1,4031
"NP(CD,FW)",1,4032
"SBARQ(WHADVP,RB,FRAG)",1,4033
"PP(FW,ADJP)",1,4034
"S(S,INTJ,SBARQ)",1,4035
"ADVP(RP,CC,RP)",1,4036
"NP(PRP$,JJ,S)",1,4037
"PP(PP,CONJP,ADVP)",1,4038
"NP(FW,NNS,NNS)",1,4039
"ADJP(ADJP,SQ)",1,4040
"NP(NP,UCP,SBAR)",1,4041
"ADJP(ADJP,NP,VP)",1,4042
"VP(VBN,PP,IN)",1,4043
"ADJP(IN,HYPH,IN)",1,4044
"NP(NP,PP,IN)",1,4045
"S(S,CONJP,PP)",1,4046
"VP(VBN,HYPH,JJ)",1,4047
"NP(DT,NNS,VP)",1,4048
"NP(JJR,NML)",1,4049
"NP(NNP,ADVP,PP)",1,4050
"FRAG(NP,NP,S)",1,4051
"FRAG(NP,FW,S)",1,4052
"ADJP(NNP,NNP,NNP)",1,4053
"NP(UCP,JJ,NN)",1,4054
"NP(JJ,NNP,NNPS)",1,4055
"SBAR(PP,SQ)",1,4056
"PRN(NP,PP)",1,4057
"WHNP(WHPP,NN)",1,4058
"PP(IN,VBN)",1,4059
"NP(ADJP,NNP,NN)",1,4060
"VP(VB,HYPH,RB)",1,4061
"PP(ADVP,VBG,S)",1,4062
"S(SBAR,SQ)",1,4063
"SBAR(PP,PP,SQ)",1,4064
"S(CC,WHPP,SQ)",1,4065
"S(CC,WHADVP,SQ)",1,4066
"S(NP,CC,ADVP)",1,4067
"VP(ADJP,S)",1,4068
"NP(PP,DT,NN)",1,4069
"NP(FW,ADJP,NP)",1,4070
"NP(PRP$,NN,FW)",1,4071
"PP(PP,CONJP,SBAR)",1,4072
"SQ(ADVP,SQ)",1,4073
"SBAR(WHADVP,SBAR,VP)",1,4074
"WHNP(WDT,ADJP,NN)",1,4075
"NP(JJS,NML,NNS)",1,4076
"VP(VB,HYPH,WRB)",1,4077
"ADJP(JJ,NN,SBAR)",1,4078
"NP(NP,ADJP,FW)",1,4079
"VP(NP,PP,NP)",1,4080
"PRN(NP,NP,CD)",1,4081
"NP(ADVP,VBG,NN)",1,4082
"NP(NML,INTJ,LS)",1,4083
"S(ADVP,VBG,NNS)",1,4084
"NML(NNS,HYPH,VBZ)",1,4085
"WHNP(WHNP,PP,S)",1,4086
"VP(VBN,PP,SINV)",1,4087
"SBARQ(WHADVP,FRAG)",1,4088
"VP(ADJP,VBN,ADVP)",1,4089
"PP(PP,VP,NP)",1,4090
"S(SBAR,FW)",1,4091
"ADJP(PP,CC,ADJP)",1,4092
"WHADVP(RB,SBARQ)",1,4093
"VP(NNS,ADVP,ADJP)",1,4094
"NP(CD,NNS,QP)",1,4095
"NML(NN,NN,AFX)",1,4096
"NP(NN,NP,VP)",1,4097
"NP(NN,IN,FW)",1,4098
"NP(UH,RB,RB)",1,4099
"NML(JJ,NN,NNP)",1,4100
"NP(PDT,DT,DT)",1,4101
"VP(VBG,VP,S)",1,4102
"VP(VP,CC)",1,4103
"NP(FW,HYPH,NNS)",1,4104
"NML(NML,NML,NN)",1,4105
"NP(NP,CC,RRC)",1,4106
"NP(PRP,HYPH,JJ)",1,4107
"NP(NN,NFP,NFP)",1,4108
"VP(VB,FW,NN)",1,4109
"NP(DT,NML,NP)",1,4110
"NP(NNS,DT)",1,4111
"NML(NML,NN,NN)",1,4112
"NP(DT,ADJP,PRP)",1,4113
"ADVP(PDT,DT,NN)",1,4114
"NML(NN,HYPH,IN)",1,4115
"VP(VBN,ADJP,NNP)",1,4116
"NP(VB,NML,NNS)",1,4117
"PP(PP,S,S)",1,4118
"ADVP(JJ,NN,PP)",1,4119
"NP(ADJP,VB,NNS)",1,4120
"NP(IN,HYPH,NN)",1,4121
"ADVP(ADVP,SBAR,SBAR)",1,4122
"FRAG(NNP,NN)",1,4123
"NP(IN,NP,PP)",1,4124
"SBAR(IN,NN,NN)",1,4125
"VP(VB,ADJP,INTJ)",1,4126
"ADJP(RB,JJ,VBN)",1,4127
"S(NP,WHADVP,VP)",1,4128
"S(ADVP,NNP,VP)",1,4129
"NP(NP,HYPH,SBAR)",1,4130
"PRN(CC,VBP)",1,4131
"NP(FW,VB)",1,4132
"NP(INTJ,NP,VP)",1,4133
"SBAR(IN,CC,NNP)",1,4134
"ADJP(ADJP,CC,S)",1,4135
"VP(VBZ,CC,CC)",1,4136
"NP(NN,CC,SBAR)",1,4137
"VP(VBD,NP,PRN)",1,4138
"ADJP(ADVP,ADVP,VBN)",1,4139
"NP(DT,WHNP,PP)",1,4140
"NP(JJS,JJ,RB)",1,4141
"NP(NN,NN,LS)",1,4142
"UCP(NP,ADJP,ADJP)",1,4143
"VP(TO,MD,NP)",1,4144
"SINV(CC,SQ,S)",1,4145
"NML(DT,NML,NNP)",1,4146
"S(S,SYM)",1,4147
"S(NN,VP)",1,4148
"NML(NFP,NNP)",1,4149
"S(LS,SBAR)",1,4150
"NP(NFP,CC,NN)",1,4151
"NP(NN,JJ,VBG)",1,4152
"SBAR(SBAR,MD)",1,4153
"S(S,S,SQ)",1,4154
"ADJP(NNP,IN,NNP)",1,4155
"SBAR(NP,IN,NP)",1,4156
"S(PRN,ADVP,NN)",1,4157
"PRN(NP,CC,NP)",1,4158
"ADVP(RB,ADVP,PP)",1,4159
"S(CC,PP,PP)",1,4160
"WHADJP(WHNP,SQ)",1,4161
"NP(NNP,CD,UH)",1,4162
"VP(VB,WHADJP)",1,4163
"ADVP(DT,RBR,VBN)",1,4164
"S(ADVP,FW,ADJP)",1,4165
"NML(CC,NML)",1,4166
"NP(NML,NNS,NP)",1,4167
"ADJP(RB,VBG,PP)",1,4168
"VP(VBZ,PP,SYM)",1,4169
"S(NP,SYM)",1,4170
"WHNP(UH,FW)",1,4171
"PRN(SBAR,NN)",1,4172
"FRAG(LST,WHNP)",1,4173
"INTJ(NNP,WHADVP,NP)",1,4174
"WHADVP(UH,FW)",1,4175
"ADJP(DT,RB)",1,4176
"S(S,VP,SYM)",1,4177
"WHNP(IN,NNS)",1,4178
"NP(RB,NNP,NN)",1,4179
"NP(NNP,CD,NNP)",1,4180
"ADJP(FW,ADJP)",1,4181
"WHNP(WP$,NNP,NNS)",1,4182
"NP(PRP,NN,NN)",1,4183
"S(PP,CC,SBAR)",1,4184
"VP(VBD,CONJP,ADJP)",1,4185
"VP(VB,ADJP,ADJP)",1,4186
"PP(IN,SYM)",1,4187
"NP(FW,SYM,NNP)",1,4188
"NP(NNP,CC,RB)",1,4189
"NML(NP,HYPH,NN)",1,4190
"WHNP(WHNP,PP,PP)",1,4191
"NP(NP,ADJP,PRN)",1,4192
"NP(VP,NP,NP)",1,4193
"SQ(INTJ,SQ)",1,4194
"PP(IN,FW,NP)",1,4195
"VP(TO,INTJ,S)",1,4196
"VP(VBN,CC,JJ)",1,4197
"ADJP(ADJP,FW,SBAR)",1,4198
"S(NP,ADVP,VBN)",1,4199
"NP(FW,NNP,CD)",1,4200
"ADVP(IN,JJ,NN)",1,4201
"VP(VBN,INTJ,S)",1,4202
"ADJP(JJ,VBG,NN)",1,4203
"NP(NN,VBG,NN)",1,4204
"INTJ(NNP,NNP)",1,4205
"ADVP(JJ,RB,PP)",1,4206
"LST(CC,SBAR)",1,4207
"S(NP,NP,ADVP)",1,4208
"SBAR(WHPP,NP,SBAR)",1,4209
"NP(NP,NP,SQ)",1,4210
"NML(JJ,NML,NNS)",1,4211
"INTJ(UH,CC,UH)",1,4212
"CONJP(RB,WHNP,S)",1,4213
"VP(NNS,PRT,PP)",1,4214
"VP(DT,NP)",1,4215
"NP(ADVP,DT,JJR)",1,4216
"INTJ(FW,JJ,NN)",1,4217
"WHNP(WHADVP,NN,NN)",1,4218
"S(CC,SBAR,ADVP)",1,4219
"SBAR(SBAR,WHADVP,SQ)",1,4220
"VP(VP,VBD,VP)",1,4221
"S(CC,ADVP,S)",1,4222
"PRN(SINV,CC,S)",1,4223
"S(NML,NP,NP)",1,4224
"NML(NN,JJ,NN)",1,4225
"ADJP(ADJP,PP,S)",1,4226
"VP(POS,ADVP)",1,4227
"ADJP(IN,NN)",1,4228
"VP(VBP,VBN,PP)",1,4229
"NP(NP,NNS,NML)",1,4230
"NML(NNP,NN,NNS)",1,4231
"UCP(NNP,CC,NFP)",1,4232
"NP(JJ,NN,NNP)",1,4233
"VP(VBG,ADJP,FW)",1,4234
"S(NP,LS,S)",1,4235
"S(ADVP,NN,NN)",1,4236
"ADJP(JJS,JJ,PP)",1,4237
"NP(CD,NNP,IN)",1,4238
"NP(NML,NNP,NML)",1,4239
"NP(PP,FW,NP)",1,4240
"NML(CD,NN)",1,4241
"NP(DT,JJ,WHNP)",1,4242
"NP(NFP,FW,NN)",1,4243
"NP(FW,AFX,FW)",1,4244
"VP(VB,LST,PP)",1,4245
"LST(NNP,NNP,NNP)",1,4246
"NP(UH,NFP)",1,4247
"LST(UH,NNS)",1,4248
"NP(NP,SYM,CD)",1,4249
"NP(NML,FW,NNP)",1,4250
"PP(IN,NP,SQ)",1,4251
"NP(NNP,SBARQ)",1,4252
"PP(SBAR,WHNP,NP)",1,4253
"WHNP(SYM,IN)",1,4254
"SQ(NNP,LS)",1,4255
"SBAR(SBAR,CC,ADJP)",1,4256
"NP(JJ,WHNP)",1,4257
"SBAR(NP,ADVP,VP)",1,4258
"ADJP(JJ,HYPH,CD)",1,4259
"VP(VBP,PP,NN)",1,4260
"FRAG(NP,ADVP,PP)",1,4261
"S(S,RB,NP)",1,4262
"VP(NNP,ADJP)",1,4263
"WHADJP(CC,RB,SBAR)",1,4264
"NP(DT,CC,NNS)",1,4265
"NML(PP,NNP)",1,4266
"ADJP(ADJP,ADVP,SBAR)",1,4267
"NP(VBN,PP)",1,4268
"ADVP(ADVP,VP)",1,4269
"ADVP(NP,VBZ,S)",1,4270
"INTJ(FW,CC,FW)",1,4271
"S(SBARQ,PRN,PP)",1,4272
"NP(NP,RRC,PP)",1,4273
"ADJP(NNS,HYPH,NN)",1,4274
"SBAR(WHNP,WHPP,FRAG)",1,4275
"SBAR(WHPP,PP,SQ)",1,4276
"FRAG(ADVP,NP,PP)",1,4277
"ADJP(RB,AFX,JJ)",1,4278
"NP(RB,RB,NNS)",1,4279
"NP(WDT,JJ,NNS)",1,4280
"SBAR(WHNP,IN,S)",1,4281
"VP(VBN,SQ,SBARQ)",1,4282
"VP(VBZ,WHADJP)",1,4283
"VP(VB,ADJP,VBN)",1,4284
"NP(SBAR,RB,SBAR)",1,4285
"S(SBAR,ADVP,SBAR)",1,4286
"VP(VP,ADVP,SBAR)",1,4287
"NP(LS,NN,NN)",1,4288
"NP(DT,VBP,S)",1,4289
"WHADVP(SBARQ,S)",1,4290
"VP(VBD,S,ADVP)",1,4291
"NP(NP,WP)",1,4292
"SBAR(SBARQ,SBAR)",1,4293
"VP(PP,VBN,PP)",1,4294
"NP(PRP$,UCP,NN)",1,4295
"NP(DT,IN,PRP)",1,4296
"S(VP,HYPH,JJ)",1,4297
"NP(DT,NNP,CD)",1,4298
"ADJP(ADJP,RB,JJ)",1,4299
"NP(VBG,PP)",1,4300
"NML(NN,NML,NNS)",1,4301
"NP(ADJP,RB)",1,4302
"S(CC,NP,S)",1,4303
"NP(NP,IN,NN)",1,4304
"NP(NP,UH,ADJP)",1,4305
"NP(NP,CD,NN)",1,4306
"NP(JJ,UH)",1,4307
"NP(ADVP,NP,ADJP)",1,4308
"NP(NP,CONJP,RB)",1,4309
"SQ(SQ,CC,SBARQ)",1,4310
"PRN(SQ,CC,SQ)",1,4311
"SBARQ(SBAR,RB,SBARQ)",1,4312
"VP(VB,X)",1,4313
"ADVP(RBR,IN,NP)",1,4314
"NP(ADJP,CC,NNS)",1,4315
"NP(RB,IN,NNS)",1,4316
"ADJP(JJ,FW)",1,4317
"ADJP(CC,RBR)",1,4318
"SBAR(SBARQ,CC,SBARQ)",1,4319
"SBARQ(WHADVP,PP,VP)",1,4320
"PP(IN,PDT)",1,4321
"NP(FW,ADVP)",1,4322
"NP(NN,FW,RB)",1,4323
"VP(ADVP,NN,NP)",1,4324
"NP(JJR,JJ,NNP)",1,4325
"NP(NN,CC,VBZ)",1,4326
"ADJP(RB,CC,NN)",1,4327
"SBAR(SBAR,ADVP,NP)",1,4328
"VP(PP,VBN)",1,4329
"VP(VP,RB,ADVP)",1,4330
"VP(VB,SBAR,SQ)",1,4331
"PP(ADVP,CC,ADVP)",1,4332
"NP(ADVP,UH)",1,4333
"VP(VBN,VP,NN)",1,4334
"WHADVP(CC,SQ)",1,4335
"VP(VBZ,UCP,S)",1,4336
"ADVP(JJR,SBAR)",1,4337
"NP(QP,VBN,NN)",1,4338
"NML(NN,S)",1,4339
"NP(CC,ADJP,NNPS)",1,4340
"VP(VB,ADJP,FW)",1,4341
"NP(ADJP,JJ,NNP)",1,4342
"S(VP,FRAG)",1,4343
"VP(VBP,CC,NN)",1,4344
"SBAR(SBAR,FRAG)",1,4345
"ADJP(IN,SBAR)",1,4346
"NP(LST,JJ,NNP)",1,4347
"NP(CC,JJ)",1,4348
"NP(NP,NP,NFP)",1,4349
"NP(VB,DT,NNS)",1,4350
"NP(NNP,ADJP,NNS)",1,4351
"ADJP(JJ,HYPH,WRB)",1,4352
"ADJP(ADJP,HYPH,ADJP)",1,4353
"ADJP(ADVP,VBN,NN)",1,4354
"NP(NNS,UH)",1,4355
"SBARQ(ADVP,SBARQ)",1,4356
"VP(PP,NN,VP)",1,4357
"NP(NP,UCP,S)",1,4358
"NP(ADVP,NN,POS)",1,4359
"ADVP(IN,JJ,JJ)",1,4360
"PP(PP,NP,VP)",1,4361
"VP(NP,ADJP)",1,4362
"NP(NP,NP,PRP)",1,4363
"NP(NP,VP,NML)",1,4364
"NP(NP,RBR,NP)",1,4365
"PP(JJ,IN,LS)",1,4366
"VP(NNS,ADJP)",1,4367
"NP(FW,FW,VP)",1,4368
"VP(MD,VBZ,VP)",1,4369
"VP(VP,INTJ)",1,4370
"INTJ(FW,INTJ)",1,4371
"ADJP(ADJP,PP,ADJP)",1,4372
"NP(PRP$,ADVP,NNS)",1,4373
"NP(NP,ADVP,FW)",1,4374
"VP(VBD,SBAR,VP)",1,4375
"NML(NNS,RB)",1,4376
"VP(PP,VBD,NP)",1,4377
"NP(PP,CONJP,PP)",1,4378
"PP(IN,JJ,NNS)",1,4379
"SBAR(WHADVP,CC,S)",1,4380
"VP(NNS,CC,NP)",1,4381
"NP(NP,HYPH,ADJP)",1,4382
"ADVP(ADVP,RBR,JJ)",1,4383
"NP(NNS,HYPH,VBG)",1,4384
"VP(VBZ,PP,SINV)",1,4385
"NML(NNS,DT)",1,4386
"VP(VP,NP,ADJP)",1,4387
"VP(VB,LS,VP)",1,4388
"PP(IN,LS,PP)",1,4389
"NML(JJ,HYPH,UH)",1,4390
"NML(UH,S)",1,4391
"S(FW,NP,VP)",1,4392
"ADJP(NN,HYPH)",1,4393
"ADJP(ADVP,RB,RB)",1,4394
"NP(CC,ADJP,SBAR)",1,4395
"S(SQ,ADVP,VP)",1,4396
"S(ADJP,SBAR,PRN)",1,4397
"WHNP(WP$,VBG,NN)",1,4398
"NP(ADJP,NN,NML)",1,4399
"PP(UH,S)",1,4400
"SBAR(CC,SBARQ)",1,4401
"VP(VP,PP,PP)",1,4402
"VP(FW,NNP,NNP)",1,4403
"VP(ADVP,ADJP)",1,4404
"VP(VBZ,CC,PP)",1,4405
"ADVP(RB,CC,PP)",1,4406
"S(SINV,CC,NP)",1,4407
"NP(NNP,RB,NNP)",1,4408
"SBAR(WHPP,CC,NP)",1,4409
"NML(ADJP,FW,NML)",1,4410
"NML(JJ,JJ,NNP)",1,4411
"NP(NP,CC,SBARQ)",1,4412
"NP(NP,HYPH,ADVP)",1,4413
"NML(NN,SBAR)",1,4414
"ADVP(RB,PDT)",1,4415
"WHNP(WDT,JJR,NNS)",1,4416
"NP(CONJP,NP,ADJP)",1,4417
"SBAR(WHNP,SBAR,S)",1,4418
"PP(IN,CC,VBN)",1,4419
"WHADVP(WRB,JJS,S)",1,4420
"S(WHADVP,S)",1,4421
"ADJP(RBR,VBN,SBAR)",1,4422
"NP(NP,NP,PRN)",1,4423
"S(ADVP,NN,FW)",1,4424
"NP(NP,PRN,ADJP)",1,4425
"NP(NP,VB)",1,4426
"SBAR(ADVP,IN)",1,4427
"NP(DT,S,PP)",1,4428
"ADVP(RB,CC,ADVP)",1,4429
"SBAR(IN,INTJ,VP)",1,4430
"SBAR(ADVP,WHNP,SQ)",1,4431
"S(SBAR,ADVP,NP)",1,4432
"PP(RB,IN,ADVP)",1,4433
"NP(NML,DT,NNP)",1,4434
"NML(CD,RB)",1,4435
"NML(NNS,JJ,NN)",1,4436
"NP(CC,NP,ADJP)",1,4437
"NP(RB,JJS,NNS)",1,4438
"ADJP(RBS,JJ,DT)",1,4439
"PP(RB,CONJP,NP)",1,4440
"VP(VB,SBAR,SINV)",1,4441
"ADJP(ADJP,SBAR,PP)",1,4442
"ADJP(JJR,RB,JJ)",1,4443
"VP(LS,NP)",1,4444
"PRT(IN,PP)",1,4445
"VP(VBZ,ADVP,PRT)",1,4446
"NP(PRP$,JJR)",1,4447
"NP(NNP,PRP$,JJ)",1,4448
"WHADVP(IN,RBR)",1,4449
"NP(DT,VBG,NML)",1,4450
"S(ADJP,VBN)",1,4451
"S(ADVP,SBAR,NN)",1,4452
"VP(VBZ,TO,VP)",1,4453
"VP(VB,SBAR,ADVP)",1,4454
"ADJP(ADVP,PP,SBAR)",1,4455
"PRN(S,RB,SBAR)",1,4456
"NP(NML,NN,VBN)",1,4457
"NP(LST,NN,S)",1,4458
"S(ADJP,SBAR,NP)",1,4459
"NP(NN,HYPH,FW)",1,4460
"NP(INTJ,PP)",1,4461
"VP(VBN,VP,PP)",1,4462
"NP(NP,CC,FW)",1,4463
"NP(NP,CONJP,NN)",1,4464
"ADVP(IN,ADVP)",1,4465
"NP(ADVP,NML)",1,4466
"PP(ADVP,CC,NP)",1,4467
"PP(FW,FW)",1,4468
"ADJP(FW,NN)",1,4469
"FRAG(ADVP,WHPP)",1,4470
"ADVP(RB,SBAR,S)",1,4471
"VP(NN,CC,VB)",1,4472
"VP(FW,PRT)",1,4473
"S(RB,SBAR)",1,4474
"QP(RB,IN,NP)",1,4475
"S(IN,CONJP,SQ)",1,4476
"S(SQ,CC,S)",1,4477
"S(ADVP,VBN,PP)",1,4478
"PRN(VBZ,NP)",1,4479
"FRAG(ADVP,WHNP)",1,4480
"WHNP(DT,NN,WHNP)",1,4481
"S(NP,ADVP,ADJP)",1,4482
"NP(ADJP,NN,RB)",1,4483
"S(ADVP,CC,VP)",1,4484
"ADVP(RB,HYPH,VBZ)",1,4485
"UCP(ADVP,CONJP,PP)",1,4486
"VP(VB,PP,PRN)",1,4487
"PRN(SBAR,CC,NP)",1,4488
"VP(VBD,FRAG)",1,4489
"PRN(S,RB)",1,4490
"VP(VP,SBAR,S)",1,4491
"NP(JJR,NN,S)",1,4492
"ADJP(NNS,HYPH,VBG)",1,4493
"WHNP(WHADVP,JJ,NNS)",1,4494
"NP(NN,AFX,NNP)",1,4495
"NP(NN,IN,NN)",1,4496
"S(PP,VBP,VP)",1,4497
"ADJP(RB,VBN,RP)",1,4498
"SBAR(IN,IN,FRAG)",1,4499
"WHADVP(WRB,JJ,NNS)",1,4500
"NP(JJ,NN,AFX)",1,4501
"NP(DT,ADJP,PP)",1,4502
"SQ(RB,SQ)",1,4503
"SBAR(IN,NP,SYM)",1,4504
"S(PP,S,INTJ)",1,4505
"ADVP(NN,RP)",1,4506
"NP(VP,NN,NNS)",1,4507
"VP(NN,HYPH,RP)",1,4508
"NP(DT,NML,S)",1,4509
"NML(JJ,HYPH,PP)",1,4510
"VP(VB,PRT,PRT)",1,4511
"NP(JJS,S)",1,4512
"NP(DT,SYM,VBG)",1,4513
"ADJP(JJR,JJR,ADJP)",1,4514
"WHNP(WHNP,NN,NN)",1,4515
"NP(DT,NNP,VBD)",1,4516
"NP(QP,NNS,NNP)",1,4517
"NP(VB,HYPH,NNS)",1,4518
"VP(NNS,ADVP,VP)",1,4519
"VP(NN,PRT)",1,4520
"NP(RP,DT,NNS)",1,4521
"ADJP(JJ,IN,FW)",1,4522
"NP(ADJP,CC,NN)",1,4523
"VP(VBN,VBG)",1,4524
"ADJP(EX,NP)",1,4525
"VP(S,PP)",1,4526
"PP(IN,NP,NNS)",1,4527
"NP(DT,RB,JJ)",1,4528
"NP(VB,NN,NNS)",1,4529
"NML(NN,HYPH,VBN)",1,4530
"S(PP,INTJ)",1,4531
"NP(INTJ,NN,NN)",1,4532
"NP(NP,NN,NFP)",1,4533
"NP(UCP,NN,NFP)",1,4534
"NP(NN,SYM,NFP)",1,4535
"S(SBAR,PP,INTJ)",1,4536
"NP(NN,VBZ,NN)",1,4537
"NP(NP,INTJ,NFP)",1,4538
"INTJ(NN,NN,NN)",1,4539
"RRC(WHADVP,NP)",1,4540
"WHADVP(RB,RB)",1,4541
"FRAG(NP,ADVP,ADJP)",1,4542
"NP(NNP,NNP,NML)",1,4543
"NML(HYPH,NN)",1,4544
"NP(FW,UH)",1,4545
"VP(VP,LST)",1,4546
"SBAR(IN,INTJ)",1,4547
"WHNP(LST,NN,NN)",1,4548
"VP(TO,RB,VP)",1,4549
"VP(CC,S)",1,4550
"VP(CONJP,VBN,PP)",1,4551
"NP(DT,DT,WHNP)",1,4552
"S(S,CONJP,NP)",1,4553
"NML(EX,DT,NN)",1,4554
"ADVP(NN,RBR)",1,4555
"NP(PP,NNS)",1,4556
"NP(RB,DT,CD)",1,4557
"ADVP(ADVP,CONJP,PP)",1,4558
"NP(RBR,NN,RB)",1,4559
"WHNP(WHNP,ADVP,VP)",1,4560
"PP(SBAR,PP)",1,4561
"PP(ADJP,IN,S)",1,4562
"ADJP(RB,VBN,ADVP)",1,4563
"SBARQ(PP,VP)",1,4564
"SBARQ(PP,SBAR,SQ)",1,4565
"VP(VBG,PP,PRN)",1,4566
"PRN(NP,VP)",1,4567
"ADVP(FW,ADVP)",1,4568
"VP(VBZ,S,PRN)",1,4569
"PP(IN,CONJP,VP)",1,4570
"ADJP(NN,JJR)",1,4571
"NP(WHNP,PP,NP)",1,4572
"VP(RB,VBN)",1,4573
"NP(DT,VBG,SBAR)",1,4574
"PP(ADVP,IN,IN)",1,4575
"QP(PDT,DT,CD)",1,4576
"ADJP(JJR,NN,VBN)",1,4577
"NP(NN,AFX,NN)",1,4578
"NP(PRP$,ADVP,PRP$)",1,4579
"NP(IN,NN,JJ)",1,4580
"WHNP(WHNP,S,VP)",1,4581
"ADVP(IN,NN,S)",1,4582
"NP(IN,CC,NP)",1,4583
"NP(VBP,NNS)",1,4584
"VP(VBD,PP,PRN)",1,4585
"ADJP(JJ,CC,ADVP)",1,4586
"WHNP(DT,WHPP)",1,4587
"ADVP(NNP,FW)",1,4588
"NP(DT,PRP$,NN)",1,4589
"NP(NN,FW,NNS)",1,4590
"NP(ADJP,NNP,NNS)",1,4591
"VP(VP,ADVP)",1,4592
"ADJP(VBN,CC,DT)",1,4593
"NP(NP,CC,UH)",1,4594
"ADJP(VBG,PP)",1,4595
"NP(IN,NP,NP)",1,4596
"VP(VBD,FW,S)",1,4597
"PP(LS,PP)",1,4598
"S(ADVP,SBAR,S)",1,4599
"FRAG(CC,NP,SBAR)",1,4600
"PP(IN,IN,ADJP)",1,4601
"SBAR(IN,IN,VP)",1,4602
"VP(VBP,S,VP)",1,4603
"SBAR(WHADVP,HYPH,S)",1,4604
"VP(VP,S,VP)",1,4605
"VP(IN,HYPH,S)",1,4606
"WHADVP(WRB,HYPH,S)",1,4607
"NP(NNP,NNP,SYM)",1,4608
"SQ(SQ,SQ)",1,4609
"NP(CD,CC,NN)",1,4610
"NP(VBN,NN,FW)",1,4611
"INTJ(DT,NFP,NN)",1,4612
"ADJP(ADJP,CC,CC)",1,4613
"NP(JJ,FW,NN)",1,4614
"VP(VB,NP,UCP)",1,4615
"NP(DT,CD,VP)",1,4616
"NP(CD,JJ,CD)",1,4617
"FRAG(NP,RB,S)",1,4618
"NP(VB,PP)",1,4619
"S(S,VP,S)",1,4620
"S(ADJP,ADVP)",1,4621
"VP(ADVP,HYPH,ADJP)",1,4622
"S(CC,WHNP,VP)",1,4623
"VP(VBN,ADVP,CONJP)",1,4624
"FRAG(ADJP,WHADVP,SQ)",1,4625
"VP(VBD,NP,SBARQ)",1,4626
"NP(NP,PP,WHADVP)",1,4627
"ADJP(CD,CC,JJ)",1,4628
"NML(NNS,CC,DT)",1,4629
"SINV(ADVP,SINV,S)",1,4630
"NP(NP,SYM,NNP)",1,4631
"VP(VBP,WHPP)",1,4632
"VP(RB,PP)",1,4633
"WHADJP(RB,WP$)",1,4634
"VP(RP,S)",1,4635
"LST(NN,NFP,NN)",1,4636
"NP(DT,LST)",1,4637
"NP(NP,LST)",1,4638
"SBAR(WHADJP,FRAG)",1,4639
"VP(VB,ADVP,WHADJP)",1,4640
"VP(VB,ADVP,WHADVP)",1,4641
"S(S,RB,SBARQ)",1,4642
"INTJ(FW,RB,FW)",1,4643
"SQ(VBZ,VP,NP)",1,4644
"NP(NP,VB,NNS)",1,4645
"VP(NN,HYPH,JJ)",1,4646
"NP(NP,NP,POS)",1,4647
"SBAR(CONJP,IN,FRAG)",1,4648
"WHNP(WHNP,ADVP)",1,4649
"VP(VBN,ADJP,NP)",1,4650
"VP(VBD,VP,S)",1,4651
"PP(NNP,IN,NP)",1,4652
"VP(VBN,CONJP,NP)",1,4653
"S(S,CC,RB)",1,4654
"PRN(CC,RB,S)",1,4655
"NP(NN,HYPH,UH)",1,4656
"PP(JJ,IN,UCP)",1,4657
"ADVP(RBR,DT,NN)",1,4658
"NP(CD,NML,NNPS)",1,4659
"NP(UH,PRP$,NNS)",1,4660
"S(S,NP,SBARQ)",1,4661
"VP(ADVP,VP,NP)",1,4662
"VP(VBP,ADVP,PRN)",1,4663
"NML(JJ,DT,FW)",1,4664
"NP(RB,NML,NNS)",1,4665
"VP(VBN,HYPH,NNS)",1,4666
"S(PP,NFP,VP)",1,4667
"ADJP(ADJP,PRN,ADJP)",1,4668
"INTJ(UH,JJ)",1,4669
"VP(VB,NFP,SBAR)",1,4670
"NP(DT,HYPH,RB)",1,4671
"VP(VBG,VP,SBAR)",1,4672
"S(CONJP,SINV,S)",1,4673
"VP(VBD,VP,PP)",1,4674
"PRN(LST,S)",1,4675
"NP(INTJ,NP,NP)",1,4676
"LST(LS,NN,RB)",1,4677
"SBAR(IN,LS)",1,4678
"NP(CC,NN,NP)",1,4679
"S(SINV,NP)",1,4680
"VP(VBP,CONJP,ADJP)",1,4681
"NP(NP,NN,RP)",1,4682
"SINV(VBD,NP,PP)",1,4683
"NP(NP,SINV)",1,4684
"NP(WDT,NNP)",1,4685
"NP(FW,NNP,UH)",1,4686
"WHNP(WHNP,WHNP,S)",1,4687
"ADJP(NN,VBG,NP)",1,4688
"FRAG(NP,ADVP,SBAR)",1,4689
"NP(VBG,VBG,NNS)",1,4690
"NP(NN,NFP,AFX)",1,4691
"NP(PRP$,NNP,JJ)",1,4692
"NP(DT,FW,PP)",1,4693
"FRAG(FRAG,NP,VP)",1,4694
"NP(NNP,NML,FW)",1,4695
"VP(FW,VP,VP)",1,4696
"FRAG(ADJP,NP,NP)",1,4697
"NP(PRP,FW,FW)",1,4698
"S(PP,FW,NP)",1,4699
"FRAG(INTJ,WHNP,SQ)",1,4700
"NP(ADJP,NNP,FW)",1,4701
"ADJP(NNP,FW,FW)",1,4702
"S(ADVP,FW,NP)",1,4703
"FRAG(INTJ,FW,VP)",1,4704
"VP(VBD,PP,SQ)",1,4705
"VP(FW,FW,NNP)",1,4706
"ADVP(NNP,FW,NN)",1,4707
"NP(FW,CC,NP)",1,4708
"NP(JJ,FW,NNP)",1,4709
"S(VP,RB,VP)",1,4710
"ADJP(JJR,ADVP,NP)",1,4711
"SBAR(WHNP,NNS,S)",1,4712
"ADVP(ADVP,CC,VBG)",1,4713
"WHADVP(WRB,S)",1,4714
"NP(JJR,ADVP,PP)",1,4715
"NP(VBN,HYPH,RP)",1,4716
"ADJP(ADJP,WHNP)",1,4717
"NP(DT,VBG,S)",1,4718
"SBAR(WHNP,CC,NP)",1,4719
"VP(ADVP,VBN,ADJP)",1,4720
"VP(CC,VB,PP)",1,4721
"NP(PRP$,NFP)",1,4722
"FRAG(WHNP,IN,S)",1,4723
"WHNP(WDT,NN,PRP)",1,4724
"NP(DT,JJR,RP)",1,4725
"WHNP(WP,PRN)",1,4726
"ADJP(NNP,RB,NNP)",1,4727
"VP(VBG,NP,NN)",1,4728
"WHNP(WHNP,NP,VP)",1,4729
"VP(VBG,NP,WHADVP)",1,4730
"WHADVP(WRB,SBARQ)",1,4731
"NP(NP,NN,VB)",1,4732
"ADJP(NNP,RB,S)",1,4733
"PP(RB,RB,NP)",1,4734
"ADJP(RBS,VBN,S)",1,4735
"NP(LS,RB)",1,4736
"ADVP(RB,IN,INTJ)",1,4737
"WHNP(DT,WDT)",1,4738
"SQ(CONJP,WHNP,SQ)",1,4739
"ADVP(RB,CC)",1,4740
"ADJP(NP,VBG)",1,4741
"NP(QP,QP,NNS)",1,4742
"QP(NN,HYPH,CD)",1,4743
"SBAR(IN,SBAR,SBAR)",1,4744
"NP(NP,TO)",1,4745
"VP(NNS,PRT,S)",1,4746
"NP(NP,IN,JJ)",1,4747
"S(NP,CONJP,ADJP)",1,4748
"NP(NN,NML,NNP)",1,4749
"S(VP,PP,S)",1,4750
"WHNP(ADJP,NNS)",1,4751
"ADJP(RB,WDT)",1,4752
"PRN(S,NP,WHNP)",1,4753
"PP(ADVP,ADJP)",1,4754
"NP(DT,ADJP,SBAR)",1,4755
"S(PP,VP,PP)",1,4756
"WHNP(IN,JJ,NNS)",1,4757
"FRAG(INTJ,WHADVP,SQ)",1,4758
"SBAR(IN,INTJ,S)",1,4759
"ADVP(NN,HYPH,JJ)",1,4760
"FRAG(CC,INTJ)",1,4761
"NP(ADJP,HYPH,JJ)",1,4762
"VP(VP,ADJP,S)",1,4763
"SBARQ(WHADVP,RB,ADVP)",1,4764
"SBARQ(WHADVP,RB,SQ)",1,4765
"ADJP(VBN,CC,VBD)",1,4766
"NP(RB,DT,NML)",1,4767
"S(RB,ADVP,ADVP)",1,4768
"NP(FRAG,PRP$,NNS)",1,4769
"FRAG(RB,PDT)",1,4770
"PP(PP,CC,FRAG)",1,4771
"S(ADVP,SQ,S)",1,4772
"NP(WP,CC,WRB)",1,4773
"ADJP(ADJP,ADVP,VP)",1,4774
"WHADVP(WRB,HYPH,JJ)",1,4775
"ADJP(RB,MD)",1,4776
"VP(VBP,PP,SQ)",1,4777
"VP(VBZ,CONJP,PP)",1,4778
"SBAR(WHADVP,SBARQ)",1,4779
"NML(NP,NML)",1,4780
"NML(NML,CC,PP)",1,4781
"ADJP(VP,CC,VP)",1,4782
"VP(VBG,NNP)",1,4783
"NP(ADD,NN)",1,4784
"NP(NN,PRP,NNS)",1,4785
"NP(NN,PRP,NN)",1,4786
"NP(NNP,CD,CD)",1,4787
"NP(CONJP,NP,PRN)",1,4788
"S(ADJP,SBAR,VP)",1,4789
"S(PP,ADVP,SQ)",1,4790
"S(PP,PRN,PP)",1,4791
"NP(PRP,NFP)",1,4792
"S(CC,NP,SBAR)",1,4793
"FRAG(INTJ,S)",1,4794
"NP(PRP$,NNS,PRN)",1,4795
"NP(RB,NP,PP)",1,4796
"ADJP(NP,VBN,PP)",1,4797
"S(S,RB,SQ)",1,4798
"SQ(SQ,NP,VP)",1,4799
"FRAG(WHADVP,SQ)",1,4800
"NP(NP,NN,PRP)",1,4801
"NP(NP,CC,PRN)",1,4802
"PRN(S,CC,ADJP)",1,4803
"VP(VBG,NN,VBG)",1,4804
"ADVP(NN,IN,NP)",1,4805
"NP(NP,VP,IN)",1,4806
"VP(PP,CC,VP)",1,4807
"FRAG(ADVP,RB,ADJP)",1,4808
"NP(RB,NN,SBAR)",1,4809
"ADVP(WP,RB)",1,4810
"NP(VBN,JJR,NNS)",1,4811
"NP(PRP$,NN,WDT)",1,4812
"NP(CD,NNPS,POS)",1,4813
"NP(LS,NN,NP)",1,4814
"NP(PDT,NP)",1,4815
"NP(DT,JJS,NNPS)",1,4816
"NP(VBN,NNPS)",1,4817
"ADJP(ADJP,ADVP,S)",1,4818
"SBAR(IN,SBAR,VP)",1,4819
"VP(ADVP,CC,SBAR)",1,4820
"S(NML,ADVP,VP)",1,4821
"NML(PDT,NP)",1,4822
"S(ADVP,ADJP,NP)",1,4823
"S(WHNP,ADVP,VP)",1,4824
"PP(VB,PP)",1,4825
"NP(ADJP,RB,NP)",1,4826
"NP(PDT,PRP$,NNP)",1,4827
"VP(VBD,INTJ,SBAR)",1,4828
"VP(MD,RB,ADVP)",1,4829
"VP(VBG,JJ,NN)",1,4830
"S(PP,NFP)",1,4831
"NP(NNP,NN,NFP)",1,4832
"VP(NN,CC)",1,4833
"S(NP,NFP)",1,4834
"NP(CD,S)",1,4835
"NML(NNP,NNP,NNPS)",1,4836
"NP(PDT,PRP)",1,4837
"FRAG(NP,SYM)",1,4838
"SBARQ(INTJ,NP,SBARQ)",1,4839
"INTJ(UH,NNP)",1,4840
"ADJP(ADJP,NP,NP)",1,4841
"SQ(MD,NP,RB)",1,4842
"ADJP(NN,JJ,JJ)",1,4843
"PRN(PRN,S)",1,4844
"NP(ADVP,UH,NN)",1,4845
"WHADJP(WRB,CC,JJ)",1,4846
"SBARQ(NP,VP)",1,4847
"NP(NML,VBN,NN)",1,4848
"VP(TO,NP,ADVP)",1,4849
"VP(VBG,SQ)",1,4850
"VP(VB,HYPH,SBAR)",1,4851
"ADJP(NN,HYPH,WRB)",1,4852
"ADVP(RB,NP,SQ)",1,4853
"NML(NNP,CC,RB)",1,4854
"NP(NML,QP,NNS)",1,4855
"WHNP(WHNP,IN,NP)",1,4856
"WHNP(WP,SBAR,NNP)",1,4857
"SBAR(ADVP,VBN,S)",1,4858
"NP(NP,PDT,ADJP)",1,4859
"NP(QP,NNP,NN)",1,4860
"VP(NNS,NP,SBAR)",1,4861
"ADJP(CC,VBN)",1,4862
"NP(DT,DT,JJ)",1,4863
"NML(ADJP,SBAR)",1,4864
"FRAG(RB,RB)",1,4865
"VP(NN,HYPH,RB)",1,4866
"S(PRN,ADVP,VP)",1,4867
"ADVP(RB,CC,VBZ)",1,4868
"VP(VBD,S,VP)",1,4869
"NP(QP,VBN,NNS)",1,4870
"SBAR(WHNP,RB,VP)",1,4871
"NP(NNPS,NNP,NNP)",1,4872
"VP(VP,ADJP,ADJP)",1,4873
"NML(PRP$,HYPH,NN)",1,4874
"VP(JJ,CC,VB)",1,4875
"S(ADJP,ADJP,NNS)",1,4876
"PP(IN,HYPH,NNP)",1,4877
"ADJP(JJ,VB)",1,4878
"VP(VB,PRT,UCP)",1,4879
"S(PP,S,NFP)",1,4880
"NP(NNS,JJ)",1,4881
"WHNP(WHADVP,SBAR)",1,4882
"NP(JJ,JJ,VBZ)",1,4883
"ADJP(ADVP,JJS)",1,4884
"NP(NML,NML,VBZ)",1,4885
"NP(VB,CC,VBG)",1,4886
"VP(VBN,PRN,SBAR)",1,4887
"PP(IN,SBAR,NP)",1,4888
"ADVP(ADVP,HYPH,IN)",1,4889
"SBAR(INTJ,VP)",1,4890
"NML(NNS,HYPH,FW)",1,4891
"NML(ADJP,NN,NN)",1,4892
"NP(NN,DT,NNPS)",1,4893
"ADJP(ADJP,JJS)",1,4894
"NP(JJ,TO,NN)",1,4895
"ADJP(JJ,VBN,NP)",1,4896
"PP(ADVP,ADVP)",1,4897
"ADJP(NNP,JJ,PP)",1,4898
"NML(VBN,NN,NN)",1,4899
"NML(NNS,CC,NML)",1,4900
"ADJP(ADVP,CC,ADVP)",1,4901
"NP(NN,VP,NP)",1,4902
"ADJP(ADVP,NN,PP)",1,4903
"VP(PP,PP,VP)",1,4904
"NP(DT,JJ,VBP)",1,4905
"ADVP(RB,IN,NNP)",1,4906
"VP(VB,SQ,SBAR)",1,4907
"PP(IN,SBAR,S)",1,4908
"ADJP(JJ,JJ,RP)",1,4909
"VP(PP,ADJP,SBAR)",1,4910
"S(ADVP,WHNP)",1,4911
"ADVP(NN,CC,IN)",1,4912
"NP(FW,NNP,POS)",1,4913
"FRAG(RB,RB,DT)",1,4914
"NP(NN,VBP)",1,4915
"SBAR(WHNP,PP,SQ)",1,4916
"VP(VB,NP,CONJP)",1,4917
"NML(IN,HYPH,NN)",1,4918
"NP(CC,S,S)",1,4919
"LST(UH,PRP$)",1,4920
"PP(PP,NNP)",1,4921
"NP(SBAR,PRN,NP)",1,4922
"ADVP(ADVP,CC,JJR)",1,4923
"ADJP(NP,SBAR)",1,4924
"NP(DT,CC,CC)",1,4925
"VP(VB,CONJP,NP)",1,4926
"ADVP(NNP,RBS,RB)",1,4927
"NP(FW,NML,NN)",1,4928
"NP(CD,QP,NN)",1,4929
"VP(VBP,CC,MD)",1,4930
"ADJP(JJS,ADJP)",1,4931
"WHNP(WHADVP,VP)",1,4932
"NP(DT,VBN,NNPS)",1,4933
"NP(DT,ADJP,VBP)",1,4934
"VP(PP,ADVP)",1,4935
"NP(JJ,NN,VBZ)",1,4936
"NP(ADD,ADD)",1,4937
"PP(IN,CC,VBG)",1,4938
"VP(VBG,CONJP,NP)",1,4939
"NP(NNP,HYPH,WRB)",1,4940
"VP(VBD,PRT,WHPP)",1,4941
"NP(DT,VBD,NNS)",1,4942
"PRN(CC,CC,SQ)",1,4943
"NP(NN,VBG,NNS)",1,4944
"VP(NNS,PP,VP)",1,4945
"NP(WHADJP,NP)",1,4946
"INTJ(NN,NNS)",1,4947
"FRAG(PP,SBARQ)",1,4948
"SINV(CC,SINV,S)",1,4949
"NP(JJ,VP,NNS)",1,4950
"PP(JJ,IN,SBARQ)",1,4951
"NP(INTJ,NP,SBAR)",1,4952
"INTJ(NNP,IN)",1,4953
"FRAG(ADVP,ADVP,NP)",1,4954
"WHNP(WP,PRP$,NN)",1,4955
"S(ADVP,JJ,NNS)",1,4956
"S(UCP,PP)",1,4957
"NP(DT,VBG,NNPS)",1,4958
"VP(VB,NP,SQ)",1,4959
"NP(ADJP,NP,PP)",1,4960
"NML(JJ,ADJP,JJ)",1,4961
"VP(VBN,VBZ)",1,4962
"FRAG(S,NP,VP)",1,4963
"PRN(NP,NP,NN)",1,4964
"VP(VBZ,PP,UCP)",1,4965
"PRN(NP,NP,ADJP)",1,4966
"VP(VBZ,NP,NN)",1,4967
"ADJP(RB,RBR,VBG)",1,4968
"NP(NNP,UCP,NN)",1,4969
"NP(NNP,HYPH,VBG)",1,4970
"SBAR(SBAR,NN,SBAR)",1,4971
"PP(PP,S,VP)",1,4972
"VP(NN,VBZ,NP)",1,4973
"NP(NP,NNS,POS)",1,4974
"VP(TO,SBAR)",1,4975
"VP(VBP,PRN,NP)",1,4976
"NP(NP,WHADVP,NP)",1,4977
"NP(VBG,S)",1,4978
"SBAR(ADVP,IN,ADJP)",1,4979
"WHADVP(WHADVP,NN)",1,4980
"NP(VBG,NML,NNP)",1,4981
"ADVP(WHADVP,SBAR)",1,4982
"WHADVP(WHADVP,NN,JJR)",1,4983
"SBAR(WHADVP,NN)",1,4984
"ADJP(ADJP,CONJP,NN)",1,4985
"NP(NP,NN,ADVP)",1,4986
"NP(CONJP,NNS)",1,4987
"NP(DT,NNP,JJ)",1,4988
"S(PP,INTJ,VP)",1,4989
"S(SBAR,UCP,S)",1,4990
"NP(VBZ,S)",1,4991
"ADJP(NN,HYPH,NNS)",1,4992
"ADVP(IN,CC,VB)",1,4993
"NP(NN,ADVP,NP)",1,4994
"PP(VBG,PRN,NP)",1,4995
"NP(CC,NNPS,NN)",1,4996
"ADVP(JJR,PP,PP)",1,4997
"ADJP(IN,RB,JJ)",1,4998
"SBARQ(SBAR,SYM)",1,4999
"NP(NN,PRP,RB)",1,5000
"FRAG(NP,NN)",1,5001
"S(SBAR,ADVP,NN)",1,5002
"ADJP(JJ,RB,NN)",1,5003
"SBAR(WHADJP,CC,SBAR)",1,5004
"ADJP(JJ,CONJP,DT)",1,5005
"NP(VP,CC,VBG)",1,5006
"VP(NN,HYPH,S)",1,5007
"UCP(PP,CC,SBAR)",1,5008
"PP(IN,NFP,S)",1,5009
"SBAR(SBAR,CC,X)",1,5010
"NP(ADD,NNP)",1,5011
"VP(UH,VB,NN)",1,5012
"NML(NNP,FW,FW)",1,5013
"UCP(INTJ,CC,LS)",1,5014
"NP(FW,CC,UH)",1,5015
"NML(JJ,HYPH,CD)",1,5016
"NML(NML,NNPS)",1,5017
"S(RB,VP,VP)",1,5018
"VP(VBN,ADJP,ADJP)",1,5019
"CONJP(RB,IN,VBG)",1,5020
"ADJP(JJS,VBN,S)",1,5021
"PP(VBN,ADVP,SBAR)",1,5022
"S(RB,ADJP,VP)",1,5023
"SBARQ(WHNP,SQ,VP)",1,5024
"SBAR(IN,PRN,PP)",1,5025
"S(NFP,VP)",1,5026
"NP(CD,NNS,SBAR)",1,5027
"VP(PP,CONJP,PP)",1,5028
"VP(VB,MD,NP)",1,5029
"ADJP(JJS,SBAR)",1,5030
"ADJP(DT,CC,JJS)",1,5031
"QP(DT,CC,JJS)",1,5032
"S(INTJ,S,S)",1,5033
"ADJP(JJS,CC,DT)",1,5034
"ADVP(ADVP,VBN,S)",1,5035
"PP(PP,ADJP,VP)",1,5036
"PP(RB,SBAR)",1,5037
"ADJP(JJ,JJ,ADJP)",1,5038
"ADVP(IN,JJS,CD)",1,5039
"NP(NN,QP)",1,5040
"QP(JJS,CD)",1,5041
"SBAR(PP,SBARQ)",1,5042
"S(NP,VP,S)",1,5043
"S(ADJP,NFP,VP)",1,5044
"ADVP(JJ,RP)",1,5045
"NML(PP,PP)",1,5046
"ADJP(ADVP,CC,JJ)",1,5047
"ADJP(ADJP,SBAR,SBAR)",1,5048
"PP(IN,NP,ADVP)",1,5049
"SBAR(ADVP,CC,PP)",1,5050
"ADJP(JJ,ADVP,JJ)",1,5051
"NML(ADJP,CC,PP)",1,5052
"NML(JJ,NML,NN)",1,5053
"NP(NNS,NN,NNS)",1,5054
"VP(VBN,JJ)",1,5055
"ADVP(NNP,NN)",1,5056
"SBAR(SBAR,WHADVP,S)",1,5057
"ADVP(UH,FW)",1,5058
"NP(CONJP,NP,SBAR)",1,5059
"FRAG(RB,HYPH,NN)",1,5060
"VP(NN,NN,NP)",1,5061
"NP(NNP,VB,NNP)",1,5062
"NP(NP,NN,INTJ)",1,5063
"S(ADVP,AFX,VP)",1,5064
"SBAR(WHADVP,NP,VP)",1,5065
"NP(UH,NN,SBAR)",1,5066
"FRAG(ADVP,IN)",1,5067
"NP(NP,VBN,SBAR)",1,5068
"NP(FRAG,NNS)",1,5069
"SBAR(SBARQ,CC,SBAR)",1,5070
"WHNP(WHNP,CC,NP)",1,5071
"VP(VBG,NP,PRN)",1,5072
"ADVP(RB,RBR,ADVP)",1,5073
"SQ(VBD,VP)",1,5074
"NP(JJS,NNPS)",1,5075
"VP(JJ,NNS)",1,5076
"NP(NN,RB,S)",1,5077
"NP(ADJP,CC,NNP)",1,5078
"WHADVP(RB,SBAR)",1,5079
"S(CC,RB,VP)",1,5080
"PP(ADVP,UH,PP)",1,5081
"VP(VBD,ADJP,RB)",1,5082
"NP(DT,FW,SBAR)",1,5083
"WHNP(WHNP,PP,VP)",1,5084
"SBAR(ADVP,ADVP,NP)",1,5085
"VP(FW,JJ,NN)",1,5086
"NP(PRP$,JJ,PRP)",1,5087
"S(WHNP,PRN,VP)",1,5088
"ADVP(ADJP,CC,ADVP)",1,5089
"NP(ADVP,VBG)",1,5090
"PP(PP,RB,ADJP)",1,5091
"VP(NN,CC,NN)",1,5092
"NP(PRP,CC,NP)",1,5093
"PP(PP,S,NP)",1,5094
"VP(NN,PP,ADVP)",1,5095
"FRAG(ADVP,ADVP)",1,5096
"PP(IN,CONJP)",1,5097
"VP(PP,VBZ,ADJP)",1,5098
"SQ(SBAR,WHNP,SQ)",1,5099
"SQ(VBD,RB,NP)",1,5100
"ADVP(RBS,RB,PP)",1,5101
"NML(NN,HYPH,CC)",1,5102
"ADVP(JJR,RP,PP)",1,5103
"PP(TO,PP)",1,5104
"NP(FW,VBZ)",1,5105
"NP(NP,WHPP,NP)",1,5106
"NP(PDT,ADJP,NN)",1,5107
"NP(NP,ADJP,NNPS)",1,5108
"NP(RBR,ADJP,NNS)",1,5109
"ADJP(ADJP,CC,SINV)",1,5110
"SBAR(ADVP,IN,PP)",1,5111
"FRAG(CC,NP,WHADJP)",1,5112
"S(PP,NP,SQ)",1,5113
"ADVP(JJ,IN,S)",1,5114
"ADJP(JJ,VBN,NN)",1,5115
"ADJP(VBN,VBG)",1,5116
"SINV(ADVP,VP,PP)",1,5117
"NP(PRP$,NN,VB)",1,5118
"NP(NP,HYPH,NNP)",1,5119
"NP(NNS,VBG,NN)",1,5120
"NP(DT,ADJP,WHPP)",1,5121
"S(ADJP,RB,ADJP)",1,5122
"ADJP(ADJP,VP,PP)",1,5123
"NP(PRP$,NNPS,NN)",1,5124
"NP(CC,NN,SBAR)",1,5125
"ADJP(RB,JJ,CD)",1,5126
"NP(NP,NML,NML)",1,5127
"NP(ADVP,NN,NNS)",1,5128
"SBAR(WHADVP,WHNP,SQ)",1,5129
"ADVP(FW,IN)",1,5130
"S(CONJP,NP,VP)",1,5131
"ADVP(FW,IN,NP)",1,5132
"ADVP(NNP,RB,RB)",1,5133
"INTJ(FW,FW,NNS)",1,5134
"VP(VBN,ADVP,INTJ)",1,5135
"PP(JJR,IN,NP)",1,5136
"VP(VBZ,NP,NFP)",1,5137
"NP(ADJP,NNS,JJ)",1,5138
"NP(NNP,HYPH,VBZ)",1,5139
"PP(IN,CC,RP)",1,5140
"ADVP(RB,ADVP,VP)",1,5141
"INTJ(UH,PP)",1,5142
"ADJP(NML,HYPH,NN)",1,5143
"NML(NN,HYPH,PP)",1,5144
"FRAG(LST,VP)",1,5145
"SBAR(WHADVP,ADVP,VP)",1,5146
"S(ADJP,S,VP)",1,5147
"LST(UH,JJ,NN)",1,5148
"VP(ADJP,NP)",1,5149
"FRAG(NP,SQ)",1,5150
"PP(VBG,VP)",1,5151
"WHADVP(WRB,JJ,NN)",1,5152
"NP(NN,NN,CD)",1,5153
"S(S,CONJP,VP)",1,5154
"LST(SYM,HYPH,NN)",1,5155
"NP(PRP$,RB,NN)",1,5156
"SINV(VBD,NP,NP)",1,5157
"UCP(WHNP,CC,S)",1,5158
"WHNP(WDT,RB)",1,5159
"VP(VP,VBD,NP)",1,5160
"UCP(CC,PP)",1,5161
"VP(VP,VBZ,NP)",1,5162
"FRAG(CC,RB,NP)",1,5163
"NP(PRP$,NN,WHNP)",1,5164
"VP(NN,VBD,NP)",1,5165
"NP(PRP$,NNPS,NNS)",1,5166
"NML(DT,HYPH)",1,5167
"S(UCP,VP)",1,5168
"PRN(S,PP)",1,5169
"NP(FW,NP,PP)",1,5170
"ADJP(UH,HYPH,VBG)",1,5171
"NP(VBG,NNP,NNS)",1,5172
"VP(VB,INTJ,VP)",1,5173
"NP(CC,VBN)",1,5174
"NP(DT,IN,NNS)",1,5175
"ADVP(ADVP,RBR,NP)",1,5176
"NP(NN,CC,VBN)",1,5177
"NP(NP,POS,NP)",1,5178
"NP(POS,VBN,NN)",1,5179
"NP(IN,NN,FW)",1,5180
"QP(CD,JJR)",1,5181
"NP(NP,SYM,PP)",1,5182
"ADVP(JJ,CC,RBS)",1,5183
"VP(VP,PP,S)",1,5184
"NP(PRP$,JJ,SBAR)",1,5185
"NP(JJR,HYPH,NN)",1,5186
"NP(NP,VBP)",1,5187
"FRAG(UCP,ADJP)",1,5188
"SQ(VBP,NP,SBARQ)",1,5189
"FRAG(ADVP,S,S)",1,5190
"NP(NN,RB,IN)",1,5191
"SBAR(WHNP,NN)",1,5192
"SBAR(NP,FRAG)",1,5193
"PP(RB,HYPH,NN)",1,5194
"ADJP(VBN,RB,SBAR)",1,5195
"INTJ(NNP,UH)",1,5196
"NP(EX,NNP)",1,5197
"WHADJP(WRB,VBN)",1,5198
"NP(VP,PP,VP)",1,5199
"VP(ADVP,VBG,NNS)",1,5200
"S(LST,SBAR)",1,5201
"NML(NN,HYPH,VB)",1,5202
"NP(JJ,NNS,PRP)",1,5203
"NP(RB,DT,PRP)",1,5204
"NP(DT,JJ,LS)",1,5205
"NP(SYM,ADJP,PP)",1,5206
"NP(DT,PP,NNS)",1,5207
"NP(NNP,NNP,PRP)",1,5208
"NP(IN,HYPH,NNS)",1,5209
"PRN(VP,VP)",1,5210
"ADJP(JJR,IN,RB)",1,5211
"WHNP(CONJP,WHPP,IN)",1,5212
"VP(TO,FW,VP)",1,5213
"ADJP(RB,RB,JJR)",1,5214
"LST(NN,FW,NN)",1,5215
"NP(DT,IN,RB)",1,5216
"ADVP(RBS,RB,RB)",1,5217
"VP(NP,HYPH,NP)",1,5218
"NP(NNP,IN,IN)",1,5219
"NP(NNP,CC,VBG)",1,5220
"CONJP(RB,DT)",1,5221
"NML(NNP,DT,NNS)",1,5222
"VP(VBP,INTJ,ADJP)",1,5223
"ADJP(JJ,IN,SBAR)",1,5224
"ADJP(ADJP,JJ,JJ)",1,5225
"UCP(ADJP,CC,JJ)",1,5226
"NP(NP,ADJP,UCP)",1,5227
"VP(VBD,PRN,PP)",1,5228
"NP(ADJP,JJ,JJ)",1,5229
"ADJP(RB,PDT)",1,5230
"UCP(VP,CC,VP)",1,5231
"VP(VBG,VBG,PP)",1,5232
"VP(NN,RB,NP)",1,5233
"PP(FW,IN)",1,5234
"NP(RB,CC)",1,5235
"S(CC,ADVP,SBAR)",1,5236
"ADVP(ADVP,ADJP,PP)",1,5237
"SBAR(IN,PP,ADVP)",1,5238
"S(PP,SBAR,ADVP)",1,5239
"SBARQ(CC,WHADVP)",1,5240
"SBARQ(SBAR,NP,VP)",1,5241
"ADVP(IN,PRP)",1,5242
"ADJP(ADVP,JJ,JJR)",1,5243
"ADVP(JJ,HYPH,NN)",1,5244
"PP(ADVP,IN,JJS)",1,5245
"NP(RB,NN,NP)",1,5246
"S(PP,ADVP)",1,5247
"WHNP(QP,WHPP)",1,5248
"UCP(SBAR,CC,SBAR)",1,5249
"LST(NN,NP,VP)",1,5250
"FRAG(ADVP,SQ)",1,5251
"VP(VB,PP,UCP)",1,5252
"NP(ADJP,JJR,NNS)",1,5253
"NP(PRP$,PP)",1,5254
"ADVP(JJ,IN,NP)",1,5255
"SBARQ(SBAR,WHADVP)",1,5256
"VP(MD,SBAR,S)",1,5257
"VP(VB,PRT,VP)",1,5258
"UCP(DT,CC,NN)",1,5259
"WHNP(WP$,VBN,NNS)",1,5260
"SINV(ADVP,VP,INTJ)",1,5261
"VP(VBN,WHNP)",1,5262
"NP(INTJ,FW,FW)",1,5263
"INTJ(CC,S)",1,5264
"SBAR(SBAR,NP,SBAR)",1,5265
"VP(VB,S,PRN)",1,5266
"VP(VP,NP,S)",1,5267
"SBAR(IN,SBAR,SQ)",1,5268
"NML(NN,HYPH,HYPH)",1,5269
"FRAG(PRT,NP)",1,5270
"NP(VBG,ADJP,NNS)",1,5271
"VP(VBP,FRAG)",1,5272
"PP(FW,ADVP)",1,5273
"NP(PP,FW,FW)",1,5274
"FRAG(ADVP,NN)",1,5275
"PP(IN,ADVP,NN)",1,5276
"SBAR(PP,CC,NN)",1,5277
"SBAR(SYM,NP,VP)",1,5278
"VP(NN,PP,NP)",1,5279
"WHNP(WHPP,NP,VP)",1,5280
"INTJ(FW,UH)",1,5281
"NP(VP,ADJP)",1,5282
"NML(NP,HYPH,PP)",1,5283
"FRAG(PP,S,NP)",1,5284
"SBAR(NNP,SBAR)",1,5285
"NP(PRP$,VB)",1,5286
"SINV(ADJP,VP,ADJP)",1,5287
"NML(VB,NNP)",1,5288
"ADJP(JJ,CONJP,VP)",1,5289
"NP(NNPS,JJS,VP)",1,5290
"PP(SBAR,PP,VP)",1,5291
"VP(FW,ADVP,S)",1,5292
"VP(VB,NP,SBARQ)",1,5293
"PP(IN,PRN,S)",1,5294
"PP(RP,SBAR)",1,5295
"NP(UH,JJ,NN)",1,5296
"VP(FW,ADJP,NP)",1,5297
"FRAG(LST,RB,NP)",1,5298
"NP(DT,JJR,NNPS)",1,5299
"VP(FW,S,ADJP)",1,5300
"NP(FW,VBG)",1,5301
"NP(NNS,FW,FW)",1,5302
"NP(PRP$,FW,FW)",1,5303
"NP(LS,NP,NML)",1,5304
"NP(NML,IN,NN)",1,5305
"ADJP(ADJP,S,SBAR)",1,5306
"FRAG(NP,INTJ,INTJ)",1,5307
"FRAG(RB,ADVP,PP)",1,5308
"FRAG(FRAG,FRAG)",1,5309
"FRAG(S,FRAG)",1,5310
"QP(DT,CD,NN)",1,5311
"SBAR(ADVP,NP,VP)",1,5312
"NP(NP,NN,JJ)",1,5313
"SBAR(SBAR,CONJP)",1,5314
"VP(VB,S,SBARQ)",1,5315
"NML(NN,JJS)",1,5316
"VP(POS,ADJP,SBAR)",1,5317
"NP(ADJP,SBAR,NNS)",1,5318
"NP(IN,VBG)",1,5319
"NP(DT,SBAR,NNS)",1,5320
"VP(VBG,CC,PP)",1,5321
"VP(NNP,FW,FW)",1,5322
"VP(FW,ADVP,ADVP)",1,5323
"CONJP(RB,IN,SBAR)",1,5324
"S(CC,ADJP,SQ)",1,5325
"VP(VBD,PRN,SBAR)",1,5326
"NP(JJ,NML,NNP)",1,5327
"NP(NNP,NML)",1,5328
"PP(FW,FW,FW)",1,5329
"ADJP(RB,NN,S)",1,5330
"PP(IN,S,NP)",1,5331
"VP(VBP,WHADVP,WHNP)",1,5332
"WHNP(WHNP,SQ)",1,5333
"NP(JJ,CC,RB)",1,5334
"S(ADVP,NP,ADVP)",1,5335
"S(PP,VP,SQ)",1,5336
"NP(JJ,NNS,NNP)",1,5337
"S(S,S,SBARQ)",1,5338
"SINV(ADJP,VP)",1,5339
"S(UCP,ADVP,VP)",1,5340
"SBAR(WHPP,CC,SBAR)",1,5341
"VP(MD,RB,ADJP)",1,5342
"S(PP,NP,SINV)",1,5343
"PP(PP,JJ)",1,5344
"NP(NNS,NN,S)",1,5345
"NP(NNPS,NN,NN)",1,5346
"SQ(S,NP)",1,5347
"NP(JJR,JJR,NN)",1,5348
"ADVP(ADVP,JJ,PP)",1,5349
"PRN(VP,PP)",1,5350
"UCP(NP,CC,VP)",1,5351
"SBARQ(CC,WHADVP,SBAR)",1,5352
"ADJP(JJS,NN)",1,5353
"NP(UH,TO)",1,5354
"S(NP,ADJP,ADVP)",1,5355
"NP(NML,VP)",1,5356
"NML(NN,NP,PP)",1,5357
"NP(PRP$,NP,NN)",1,5358
"VP(ADJP,VBN,NP)",1,5359
"NP(LS,CC,NNP)",1,5360
"SBAR(PP,CC,SBAR)",1,5361
"NP(NML,NN,POS)",1,5362
"ADJP(JJ,RB,RB)",1,5363
"VP(VBP,HYPH,JJ)",1,5364
"VP(TO,UH)",1,5365
"NP(VP,JJ,NNS)",1,5366
"NP(PRN,HYPH,VP)",1,5367
"NP(HYPH,NP,NNS)",1,5368
"S(ADJP,MD,PP)",1,5369
"FRAG(WHNP,PP,VP)",1,5370
"WHNP(WHADJP,JJ,NNS)",1,5371
"WHNP(WP$,JJ,NML)",1,5372
"VP(VBP,IN,S)",1,5373
"PRN(SBAR,NP)",1,5374
"NP(NP,UCP,NP)",1,5375
"UCP(CC,RB)",1,5376
"ADVP(RB,VBP)",1,5377
"NP(UCP,SBAR)",1,5378
"NP(NNP,FW,NP)",1,5379
"SQ(SQ,VP)",1,5380
"NP(PRP,SBAR)",1,5381
"NP(NP,JJ,FW)",1,5382
"VP(NN,PP,SBAR)",1,5383
"FRAG(ADVP,CC,PP)",1,5384
"NP(NP,FRAG,NP)",1,5385
"ADJP(RB,IN)",1,5386
"NML(UCP,NN)",1,5387
"NP(VBP,NNP)",1,5388
"VP(VBN,JJ,ADJP)",1,5389
"NP(PRP$,PRP)",1,5390
"NML(JJ,CC,NML)",1,5391
"PP(RB,VP)",1,5392
"NP(DT,NFP,FW)",1,5393
"VP(VBG,ADJP,ADJP)",1,5394
"NP(RB,ADVP,VP)",1,5395
"NP(NNS,NN,SBAR)",1,5396
"ADJP(JJ,VBZ)",1,5397
"NML(CD,SYM,JJ)",1,5398
"NP(PRP$,RB)",1,5399
"NML(CD,JJ)",1,5400
"NP(LST,JJS,NN)",1,5401
"LST(FW,NNP,POS)",1,5402
"ADJP(JJ,PP,VP)",1,5403
"NP(NML,NML,ADVP)",1,5404
"NP(SBAR,NN)",1,5405
"NP(ADJP,CONJP,NP)",1,5406
"NP(NP,CONJP,ADVP)",1,5407
"VP(VBN,CC,VBG)",1,5408
"VP(VBN,HYPH,VP)",1,5409
"ADJP(ADVP,VBN,ADJP)",1,5410
"S(CC,NP,NP)",1,5411
"VP(VBP,ADJP,FW)",1,5412
"NP(DT,ADVP,VP)",1,5413
"NP(VBG,JJR,NNS)",1,5414
"VP(VBP,CONJP,NP)",1,5415
"VP(VP,PRN,PP)",1,5416
"NP(PRP,RP)",1,5417
"S(ADVP,VBZ,NP)",1,5418
"NP(PRP,CC,UH)",1,5419
"NP(NP,ADVP,NN)",1,5420
"NP(RB,VBG,NNS)",1,5421
"VP(JJ,NP,NP)",1,5422
"ADJP(RBS,HYPH,JJ)",1,5423
"VP(VBG,CONJP,VP)",1,5424
"S(PP,PP,S)",1,5425
"NP(NNP,NN,CD)",1,5426
"NP(DT,JJ,EX)",1,5427
"NP(S,ADVP)",1,5428
"NP(NNP,VBZ,NN)",1,5429
"NP(S,PRN)",1,5430
"PP(IN,RB,JJ)",1,5431
"NP(NNP,NNS,NNP)",1,5432
"NP(EX,JJR,NNS)",1,5433
"ADJP(JJ,ADVP,NP)",1,5434
"VP(TO,IN,VP)",1,5435
"ADJP(JJ,PP,NP)",1,5436
"WHADJP(WRB,HYPH,RB)",1,5437
"FRAG(S,SQ)",1,5438
"ADJP(JJR,NN,FW)",1,5439
"NP(IN,CD,NN)",1,5440
"SQ(VBZ,PP,PP)",1,5441
"VP(TO,NP,S)",1,5442
"LST(FW,HYPH,FW)",1,5443
"ADJP(JJR,PP,PP)",1,5444
"NP(DT,VBG,VP)",1,5445
"NP(NN,NN,PRP)",1,5446
"ADJP(CONJP,ADJP)",1,5447
"SBAR(IN,CC,UH)",1,5448
"UCP(ADJP,CC,ADVP)",1,5449
"UCP(ADVP,CC,NN)",1,5450
"S(UCP,PRN,PP)",1,5451
"S(S,CC,FRAG)",1,5452
"FRAG(ADVP,WHADVP,NP)",1,5453
"NP(PDT,NN)",1,5454
"NML(PDT,DT)",1,5455
"S(SBAR,IN,S)",1,5456
"NP(NNP,VBP,POS)",1,5457
"FRAG(CC,CC,NP)",1,5458
"VP(NN,VBG,VBG)",1,5459
"ADJP(NNP,IN,JJ)",1,5460
"VP(TO,LS,VP)",1,5461
"VP(TO,NP,VP)",1,5462
"VP(VB,HYPH,ADVP)",1,5463
"ADJP(NN,HYPH,ADJP)",1,5464
"NP(NML,VP,NNS)",1,5465
"VP(NN,HYPH,ADJP)",1,5466
"NML(JJ,NNS,NN)",1,5467
"NP(CC,MD)",1,5468
"NP(MD,HYPH,NNS)",1,5469
"SBAR(SBAR,CC,SQ)",1,5470
"NP(NN,NN,PP)",1,5471
"SINV(SBAR,NP)",1,5472
"NP(NP,PP,UH)",1,5473
"S(CC,VP,S)",1,5474
"VP(VBN,SBAR,ADJP)",1,5475
"VP(VBP,SBAR,INTJ)",1,5476
"NP(NP,HYPH,RB)",1,5477
"ADJP(NP,VBZ)",1,5478
"NP(JJ,FW,NNS)",1,5479
"NP(NNS,NP,NN)",1,5480
"S(ADVP,PP,SBAR)",1,5481
"NP(NN,ADJP,NN)",1,5482
"NP(S,LST,NP)",1,5483
"VP(VBZ,ADJP,VBN)",1,5484
"ADJP(VBN,CC,RB)",1,5485
"PP(IN,NP,S)",1,5486
"NP(LS,VBN,NNPS)",1,5487
"NP(NNPS,NNP,NNPS)",1,5488
"NP(PRP,CD)",1,5489
"ADJP(ADJP,VP,ADJP)",1,5490
"S(LST,SQ)",1,5491
"S(S,S,NFP)",1,5492
"ADVP(DT,CC,JJ)",1,5493
"NP(DT,EX)",1,5494
"NP(S,NN,NN)",1,5495
"NP(ADVP,ADVP)",1,5496
"NP(NNP,NNP,VBZ)",1,5497
"VP(VB,JJ)",1,5498
"NP(NP,WHADVP,S)",1,5499
"FRAG(INTJ,INTJ,VP)",1,5500
"INTJ(UH,SBAR)",1,5501
"NP(NP,JJS,NNPS)",1,5502
"NP(WHNP,DT,NN)",1,5503
"S(PP,VP,SBAR)",1,5504
"NP(DT,NML,ADJP)",1,5505
"NP(FW,NML,NNS)",1,5506
"ADVP(ADVP,IN,ADJP)",1,5507
"NML(DT,NNP)",1,5508
"WHNP(VBG,WHNP)",1,5509
"WHNP(PP,PP)",1,5510
"PP(IN,PRP$,NN)",1,5511
"NP(PRP$,HYPH,PP)",1,5512
"ADJP(NN,CC,ADJP)",1,5513
"NP(DT,VBN,VBG)",1,5514
"ADVP(ADVP,VBD)",1,5515
"SQ(MD,RB,NP)",1,5516
"VP(JJ,NP,PP)",1,5517
"S(S,SBAR,SBAR)",1,5518
"S(CC,WHNP)",1,5519
"PP(UH,SBAR)",1,5520
"S(AFX,NP,VP)",1,5521
"NP(DT,MD)",1,5522
"ADJP(DT,S)",1,5523
"SBARQ(WHADJP,WHADVP)",1,5524
"NP(JJ,DT,JJ)",1,5525
"SBARQ(WHADJP,SBARQ)",1,5526
"FRAG(NP,SYM,NP)",1,5527
"ADVP(UH,CC,JJ)",1,5528
"ADJP(FW,IN)",1,5529
"NP(FW,IN)",1,5530
"NML(NN,IN,JJ)",1,5531
"SBAR(WHNP,ADVP,SQ)",1,5532
"NP(JJ,JJS,NNS)",1,5533
"NP(PRP,POS,NNS)",1,5534
"CONJP(IN,RB,PP)",1,5535
"PP(IN,NP,NFP)",1,5536
"NP(S,CC,ADVP)",1,5537
"NP(NNS,VBG)",1,5538
"CONJP(CC,RB,PP)",1,5539
"NP(ADVP,NN,JJ)",1,5540
"NP(FRAG,SBAR)",1,5541
"FRAG(CC,NN)",1,5542
"PP(IN,MD,CC)",1,5543
"VP(VB,NP,WHNP)",1,5544
"PRN(PRN,SINV)",1,5545
"PP(PP,NP,NP)",1,5546
"SQ(SQ,S)",1,5547
"NP(NNP,VB,NP)",1,5548
"ADJP(NNP,VBD)",1,5549
"INTJ(NN,SYM,NN)",1,5550
"SBARQ(ADVP,WP,SBAR)",1,5551
"FRAG(CC,WHNP,SQ)",1,5552
"NML(HYPH,JJ)",1,5553
"FRAG(RB,IN,S)",1,5554
"NP(NN,SYM,NNP)",1,5555
"NP(NNP,SYM,NNP)",1,5556
"SQ(PP,SQ)",1,5557
"ADVP(RP,VBP)",1,5558
"SBAR(WHPP,CC,S)",1,5559
"VP(VBN,HYPH,NNPS)",1,5560
"FRAG(NP,VP,INTJ)",1,5561
"NP(DT,NML,SBAR)",1,5562
"ADJP(NN,CC,PP)",1,5563
"FRAG(CONJP,NP)",1,5564
"CONJP(NFP,RB)",1,5565
"ADJP(ADJP,PDT,DT)",1,5566
"NML(ADJP,ADJP)",1,5567
"FRAG(NP,ADVP,VP)",1,5568
"S(NP,WHNP,NP)",1,5569
"S(NFP,S)",1,5570
"NP(NML,VBG,NNP)",1,5571
"NP(POS,NNS)",1,5572
"NP(DT,VBG,UCP)",1,5573
"VP(POS,LST,SBAR)",1,5574
"NP(JJ,IN,NN)",1,5575
"NP(NNS,PRP,NN)",1,5576
"S(NP,ADVP,VBD)",1,5577
"SBAR(ADVP,IN,NN)",1,5578
"ADJP(NN,HYPH,VBZ)",1,5579
"NP(JJ,NN,TO)",1,5580
"PP(IN,IN,RB)",1,5581
"NP(QP,NNP,NNS)",1,5582
"S(ADVP,WHADVP,VP)",1,5583
"NP(CONJP,NP,VP)",1,5584
"NP(DT,PRP,FW)",1,5585
"ADJP(JJR,CC,DT)",1,5586
"VP(ADVP,TO,VP)",1,5587
"S(PP,S,NP)",1,5588
"VP(MD,ADJP)",1,5589
"PP(FW,HYPH,NP)",1,5590
"SBAR(RB,FRAG)",1,5591
"VP(ADVP,VB,PP)",1,5592
"NP(JJ,JJ,NML)",1,5593
"VP(VBN,VBZ,ADJP)",1,5594
"SBAR(IN,JJ,NNS)",1,5595
"ADVP(RB,VBN,PP)",1,5596
"NP(RBR,RB,NNS)",1,5597
"NP(SBARQ,CC,NP)",1,5598
"SBAR(IN,INTJ,NP)",1,5599
"NML(NN,NNPS)",1,5600
"SINV(VBP,NP,S)",1,5601
"NP(WHADVP,NP)",1,5602
"ADJP(NP,HYPH,VP)",1,5603
"NP(PRP,HYPH,NNS)",1,5604
"NP(NP,VP,ADVP)",1,5605
"NP(CONJP,NP,NP)",1,5606
"NP(LS,SBAR)",1,5607
"ADVP(ADVP,RB,VBN)",1,5608
"INTJ(FW,NNP)",1,5609
"SQ(VB,NP,VP)",1,5610
"INTJ(NN,NFP)",1,5611
"NP(NN,NNP,JJ)",1,5612
"NP(VB,JJ,NNS)",1,5613
"SQ(CC,WHADVP,SQ)",1,5614
"NP(PDT,PRP$)",1,5615
"ADVP(JJ,HYPH,JJ)",1,5616
"FRAG(PP,ADJP)",1,5617
"NP(UH,NNP,CD)",1,5618
"UCP(NP,CC,NP)",1,5619
"NP(NNS,CC,SBAR)",1,5620
"VP(NN,SBARQ)",1,5621
"VP(VBN,S,ADJP)",1,5622
"QP(DT,JJ,CD)",1,5623
"VP(VB,PP,INTJ)",1,5624
"UCP(NML,CC,ADJP)",1,5625
"PRN(S,NP,PP)",1,5626
"ADJP(DT,CC,RB)",1,5627
"QP(JJ,JJR)",1,5628
"SBAR(IN,VP,NP)",1,5629
"NML(NNS,CC,CD)",1,5630
"PP(NNP,NNP)",1,5631
"NP(PP,NNP)",1,5632
"NP(NP,WHADVP,SQ)",1,5633
"VP(VBZ,S,SQ)",1,5634
"NP(DT,NN,JJR)",1,5635
"NP(CD,IN)",1,5636
"NP(RB,NN,POS)",1,5637
"NP(NNP,PRP,NP)",1,5638
"NP(DT,NNPS,RB)",1,5639
"NP(RB,JJ,NNPS)",1,5640
"VP(TO,ADVP,PP)",1,5641
"VP(VBD,SBARQ)",1,5642
"SQ(MD,WHNP,VP)",1,5643
"NP(RBR,NNP)",1,5644
"ADJP(VBN,HYPH,VBN)",1,5645
"WHADVP(WRB,RB,S)",1,5646
"NP(NN,VP,PP)",1,5647
"S(RB,PP)",1,5648
"NP(NP,S,PRN)",1,5649
"SQ(MD,NP,NP)",1,5650
"S(NP,CC,PP)",1,5651
"NP(NP,MD)",1,5652
"SBARQ(ADVP,WHADVP,S)",1,5653
"WHADVP(WRB,MD)",1,5654
"ADJP(RBR,ADJP)",1,5655
"VP(ADVP,VBZ,PRT)",1,5656
"S(PP,SBAR,PP)",1,5657
"ADVP(NP,VBN)",1,5658
"SBAR(CONJP,VBN)",1,5659
"S(SBAR,INTJ,VP)",1,5660
"ADVP(IN,ADJP)",1,5661
"NP(LS,JJ)",1,5662
"NP(S,NP,FW)",1,5663
"NP(S,FW,NP)",1,5664
"S(ADVP,VBN)",1,5665
"PP(IN,ADJP,JJ)",1,5666
"SBARQ(WHADVP,NP,VP)",1,5667
"ADVP(RB,VBP,SBAR)",1,5668
"NP(DT,JJR,JJ)",1,5669
"SBARQ(CONJP,SQ,S)",1,5670
"NP(DT,JJR,POS)",1,5671
"NP(NNP,POS,NNP)",1,5672
"NP(DT,NN,LS)",1,5673
"NP(DT,NN,MD)",1,5674
"ADJP(UH,JJR)",1,5675
"PP(SYM,PP)",1,5676
"VP(RB,VBG,PP)",1,5677
"VP(VP,INTJ,PP)",1,5678
"VP(PP,PP,NP)",1,5679
"ADJP(JJS,VBG)",1,5680
"ADJP(ADJP,VBN,JJ)",1,5681
"ADJP(RB,RB,RBR)",1,5682
"VP(S,CC,VP)",1,5683
"ADJP(PP,ADJP)",1,5684
"NP(NNPS,NNPS)",1,5685
"SBAR(IN,NML)",1,5686
"VP(VBZ,NFP)",1,5687
"NP(DT,JJ,FRAG)",1,5688
"NP(NNP,NN,SINV)",1,5689
"PP(CONJP,PP,ADVP)",1,5690
"SBARQ(SBARQ,VP)",1,5691
"PP(ADJP,IN,NP)",1,5692
"VP(NNP,NP,PP)",1,5693
"NP(ADVP,RB,NP)",1,5694
"SBARQ(WHADVP,WHNP,SQ)",1,5695
"SBAR(SBARQ,NP,SBARQ)",1,5696
"ADJP(DT,JJ,PP)",1,5697
"NP(UH,NP)",1,5698
"NP(NN,VBZ,PP)",1,5699
"SBAR(IN,IN,PP)",1,5700
"SQ(VBD,ADJP)",1,5701
"WHNP(WHPP,NN,S)",1,5702
"ADVP(ADVP,ADVP,SBAR)",1,5703
"ADJP(RBS,VBN,PP)",1,5704
"WHADVP(WRB,RB,IN)",1,5705
"NP(VB,JJ,NN)",1,5706
"ADVP(CONJP,PP)",1,5707
"LST(DT,FW,FW)",1,5708
"RRC(ADVP,IN,NP)",1,5709
"FRAG(SBAR,PP)",1,5710
"NP(NML,NML,SBAR)",1,5711
"NML(ADJP,NN,NNS)",1,5712
"NP(NP,RRC,ADVP)",1,5713
"WHNP(WP,CC,WRB)",1,5714
"SBARQ(WHADJP,VP,NFP)",1,5715
"SBARQ(WHNP,SBAR,SQ)",1,5716
"VP(PP,VBD)",1,5717
"ADJP(RB,ADVP,NP)",1,5718
"NP(NML,VBN)",1,5719
"NP(ADVP,DT,ADVP)",1,5720
"NML(NP,SBAR)",1,5721
"NP(JJ,RB)",1,5722
"VP(VBP,PP,RB)",1,5723
"NML(NP,CC,PP)",1,5724
"ADJP(DT,RB,RB)",1,5725
"WHNP(IN,SBAR)",1,5726
"NP(SBAR,VP,NP)",1,5727
"ADVP(RBS,NN)",1,5728
"NP(JJR,VB)",1,5729
"NP(JJ,NNPS,POS)",1,5730
"ADVP(CC,NP,VP)",1,5731
"NP(NP,RB,ADVP)",1,5732
"NML(ADJP,NP)",1,5733
"NP(QP,HYPH,NNS)",1,5734
"VP(VBG,SBAR,S)",1,5735
"ADJP(ADJP,RB,SBAR)",1,5736
"VP(FW,NP,ADVP)",1,5737
"NML(ADJP,PP)",1,5738
"PP(CC,PP,S)",1,5739
"VP(NN,VBG)",1,5740
"ADVP(UH,UH)",1,5741
"ADJP(JJR,VBN)",1,5742
"ADJP(JJR,VBG)",1,5743
"ADJP(ADJP,NNP,NN)",1,5744
"NP(DT,WHNP,NN)",1,5745
"ADJP(RBR,JJ,PRP)",1,5746
"NP(LST,FW,FW)",1,5747
"ADJP(ADJP,PP,JJ)",1,5748
"WHNP(WDT,JJR,NN)",1,5749
"S(PP,ADVP,SINV)",1,5750
"VP(FW,NP,FW)",1,5751
"VP(FW,FW,INTJ)",1,5752
"NP(NP,RB,S)",1,5753
"NML(ADJP,CC,JJ)",1,5754
"NP(JJ,IN,NNS)",1,5755
"ADJP(RB,JJ,RB)",1,5756
"NP(JJS,JJ,NNPS)",1,5757
"SINV(VBD,PP,VP)",1,5758
"WHNP(ADVP,WP)",1,5759
"VP(VBG,INTJ,NP)",1,5760
"VP(VB,SYM,SBAR)",1,5761
"NP(NML,NNP,POS)",1,5762
"WHNP(DT,S)",1,5763
"NP(JJS,MD)",1,5764
"NP(PRP$,VBG,NNP)",1,5765
"S(SBAR,SBAR,SQ)",1,5766
"VP(VP,ADJP,SBAR)",1,5767
"SQ(VBZ,CC,ADVP)",1,5768
"VP(VBP,CONJP)",1,5769
"NP(RB,NN,JJ)",1,5770
"WHNP(WDT,HYPH,UH)",1,5771
"NP(DT,FW,NNP)",1,5772
"UCP(CONJP,CC,VP)",1,5773
"NP(ADVP,WP)",1,5774
"NP(NML,NNS,NNS)",1,5775
"NP(PRP,NN,NNS)",1,5776
"VP(VBP,PRT,ADJP)",1,5777
"VP(VBP,ADVP,UCP)",1,5778
"VP(MD,S,S)",1,5779
"ADVP(RB,IN,JJR)",1,5780
"NML(NNP,PP)",1,5781
"ADJP(ADVP,RB)",1,5782
"NP(ADJP,DT)",1,5783
"ADVP(RBR,RB,PP)",1,5784
"VP(VB,VB,VP)",1,5785
"FRAG(WHADVP,NP)",1,5786
"WHADJP(WRB,JJ,NN)",1,5787
"S(S,CC,WHNP)",1,5788
"NP(SBAR,NNP)",1,5789
"VP(ADVP,VBZ,ADVP)",1,5790
"VP(VBD,WHADVP,SQ)",1,5791
"VP(VB,PRT,INTJ)",1,5792
"SBAR(ADVP,IN,SQ)",1,5793
"NP(NNP,NNP,VB)",1,5794
"NP(NN,PRP$,NN)",1,5795
"VP(VB,HYPH,VBG)",1,5796
"SBAR(SBAR,PRN,VP)",1,5797
"NP(CC,NN,POS)",1,5798
"NP(ADJP,VBG,NNS)",1,5799
"ADJP(RB,JJR,ADVP)",1,5800
"NP(NP,NFP,S)",1,5801
"PRN(PP,VP)",1,5802
"NP(NP,VP,NN)",1,5803
"S(S,WHNP,VP)",1,5804
"NP(NP,HYPH,NNS)",1,5805
"NP(DT,JJ,DT)",1,5806
"ADJP(RB,HYPH,IN)",1,5807
"NP(DT,ADJP,VBG)",1,5808
"NP(RB,ADJP,NN)",1,5809
"NP(NN,FW,JJ)",1,5810
"NP(NNS,JJ,NNS)",1,5811
"SBARQ(WHADJP,S)",1,5812
"NP(ADJP,NNP,POS)",1,5813
"ADVP(RB,IN,VP)",1,5814
"NML(NNP,IN,NN)",1,5815
"WHNP(WHPP,S)",1,5816
"PP(PP,CC,WHNP)",1,5817
"WHNP(RB,SBAR)",1,5818
"NP(NNP,HYPH,PP)",1,5819
"NML(VBN,JJ,NN)",1,5820
"SBAR(WHNP,PRN)",1,5821
"NP(PRP,WP)",1,5822
"S(INTJ,NP)",1,5823
"FRAG(ADVP,ADJP,PP)",1,5824
"SBAR(ADVP,PRN)",1,5825
"SBAR(NN,SBAR)",1,5826
"ADJP(VBN,ADJP)",1,5827
"NP(DT,JJ,VBN)",1,5828
"VP(VBG,ADJP,ADVP)",1,5829
"SBAR(NP,NP)",1,5830
"ADJP(RB,VBZ)",1,5831
"PRN(INTJ,PP,PP)",1,5832
"SBAR(WHADJP,PRN,SBAR)",1,5833
"SBAR(IN,HYPH,NN)",1,5834
"ADJP(JJ,CC,TO)",1,5835
"PP(IN,ADVP,S)",1,5836
"ADJP(PDT,PRP$,JJ)",1,5837
"S(CC,PRN,PP)",1,5838
"SBARQ(WHADVP,NP)",1,5839
"S(S,SBAR,S)",1,5840
"VP(VBD,PP,UCP)",1,5841
"NP(NNP,PRP$,NNS)",1,5842
"PP(SBAR,WHADVP,SQ)",1,5843
"UCP(NP,CONJP,PP)",1,5844
"ADVP(NNP,VB)",1,5845
"NP(NNP,WHNP,NP)",1,5846
"NP(NNS,NML,NN)",1,5847
"SBAR(SBARQ,S)",1,5848
"NP(PRP$,NN,VBG)",1,5849
"NP(PRP$,HYPH,NN)",1,5850
"ADJP(NN,HYPH,DT)",1,5851
"PP(VBG,ADVP)",1,5852
"ADVP(JJR,NNP)",1,5853
"SBAR(SBAR,NP,VP)",1,5854
"PP(PP,INTJ)",1,5855
"NP(NP,INTJ,ADVP)",1,5856
"S(SBAR,S,SBAR)",1,5857
"NP(ADJP,NN,NP)",1,5858
"NP(S,NP,PP)",1,5859
"NP(ADVP,VBG,NNS)",1,5860
"ADJP(NN,ADJP,NN)",1,5861
"NML(NML,VBN)",1,5862
"NP(AFX,NN)",1,5863
"NP(NP,PRP,PRP)",1,5864
"S(ADVP,ADVP,SQ)",1,5865
"NP(VBN,NN,SBAR)",1,5866
"ADVP(ADJP,NP)",1,5867
"ADJP(RB,IN,RB)",1,5868
"FRAG(RB,RB,JJ)",1,5869
"ADVP(IN,CC)",1,5870
"ADJP(ADJP,RP)",1,5871
"NML(NNS,PP)",1,5872
"NML(SBAR,NN)",1,5873
"NML(NNP,PRP)",1,5874
"NP(JJ,NNPS,NNS)",1,5875
"NP(NN,HYPH,TO)",1,5876
"VP(VBZ,PP,INTJ)",1,5877
"CONJP(IN,RB,JJ)",1,5878
"NML(NML,FW,FW)",1,5879
"NP(JJ,VBN)",1,5880
"WHNP(WDT,NNS,NN)",1,5881
"WHPP(RB,WDT)",1,5882
"ADJP(JJ,CC,CC)",1,5883
"VP(PP,WHNP)",1,5884
"NML(PP,HYPH,PP)",1,5885
"NP(PRP$,ADJP,NML)",1,5886
"ADVP(CD,JJR)",1,5887
"NP(DT,UCP,NNPS)",1,5888
"NP(NN,PP,PP)",1,5889
"NP(JJR,ADJP,NN)",1,5890
"NP(NN,CC,WP)",1,5891
"VP(VP,PRN,SBAR)",1,5892
"FRAG(ADVP,IN,NP)",1,5893
"SBAR(WDT,SBAR)",1,5894
"ADVP(ADVP,CC,NN)",1,5895
"PP(SBAR,NP)",1,5896
"VP(VB,PP,NN)",1,5897
"SBAR(IN,CC,FRAG)",1,5898
"WHNP(NN,NN)",1,5899
"NP(S,RB,UH)",1,5900
"WHNP(WP$,NNPS)",1,5901
"SBAR(SBAR,SYM)",1,5902
"S(NP,SBAR,NP)",1,5903
"ADVP(ADVP,WHADVP,NP)",1,5904
"NP(NN,CC,CD)",1,5905
"NP(JJ,PRP,NNS)",1,5906
"NP(NN,NN,UH)",1,5907
"NP(ADVP,WRB)",1,5908
"FRAG(NP,SBAR,NP)",1,5909
"ADVP(RBR,NN)",1,5910
"VP(VBZ,NP,WHPP)",1,5911
"NP(ADJP,NNS,NN)",1,5912
"VP(ADVP,PP)",1,5913
"NP(NP,IN,RB)",1,5914
"WHNP(WP$,UCP,NNP)",1,5915
"VP(VBN,NN,NP)",1,5916
"NML(NNP,HYPH,PP)",1,5917
"NP(WP$,JJ,NN)",1,5918
"ADJP(ADJP,NN,CC)",1,5919
"NP(ADVP,RB)",1,5920
"ADVP(RP,CC)",1,5921
"S(ADVP,VP,SYM)",1,5922
"NML(NN,FW)",1,5923
"S(NP,NN,CC)",1,5924
"ADJP(UCP,SBAR)",1,5925
"NML(VBN,HYPH,NNS)",1,5926
"S(ADVP,FW,NN)",1,5927
"NP(PRP$,JJS,NML)",1,5928
"NP(CC,S,SBAR)",1,5929
"NML(NN,NFP,RB)",1,5930
"S(PP,CC,NP)",1,5931
"ADVP(RP,S)",1,5932
"ADJP(JJ,JJ,MD)",1,5933
"NP(VBG,NNS,NNS)",1,5934
"VP(NN,HYPH,VBG)",1,5935
"NP(NN,CC)",1,5936
"ADJP(RB,JJ,HYPH)",1,5937
"SBAR(CC,PP)",1,5938
"ADVP(RB,CC,EX)",1,5939
"UCP(NNP,CC,JJ)",1,5940
"S(FRAG,SBAR,VP)",1,5941
"NP(CC,PP,PP)",1,5942
"NP(NP,NN,VBZ)",1,5943
"SBAR(PP,PP,PP)",1,5944
"SBAR(NML,S)",1,5945
"NML(NN,WRB)",1,5946
"ADJP(CC,ADJP,S)",1,5947
"NP(QP,DT)",1,5948
"NP(UH,UH,VBP)",1,5949
"SBAR(IN,RB,JJS)",1,5950
"ADVP(RB,HYPH,VBN)",1,5951
"S(ADJP,PP,PP)",1,5952
"NP(PRP$,DT)",1,5953
"PP(CC,CC,CC)",1,5954
"NP(RB,NNPS)",1,5955
"PP(PP,SQ)",1,5956
"PP(PP,FRAG)",1,5957
"S(VP,ADVP,PP)",1,5958
"ADVP(RB,JJ,S)",1,5959
"NP(NP,NNP,CD)",1,5960
"NP(CC,NP,NNS)",1,5961
"VP(VBN,UCP,SBAR)",1,5962
"NP(DT,DT,JJS)",1,5963
"NP(PRP$,UCP,NNS)",1,5964
"NP(NML,NN,SBAR)",1,5965
"PP(RB,PP,PP)",1,5966
"VP(VBN,PP,PRN)",1,5967
"VP(VP,VBD,PP)",1,5968
"NP(EX,CD)",1,5969
"SBAR(ADVP,SBAR,VP)",1,5970
"PRN(CC,PP,VBZ)",1,5971
"NP(DT,VBG,ADJP)",1,5972
"ADJP(ADJP,CC,DT)",1,5973
"NP(VBG,NNP,POS)",1,5974
"CONJP(RB,IN,FRAG)",1,5975
"NP(CD,JJR)",1,5976
"ADJP(ADVP,ADVP)",1,5977
"VP(VBN,CONJP,VP)",1,5978
"VP(ADVP,RB)",1,5979
"NML(NNS,CONJP)",1,5980
"VP(ADVP,RB,VBN)",1,5981
"NML(NNP,FW,NNP)",1,5982
"NP(NP,JJ,NNPS)",1,5983
"SQ(MD,NP,SBARQ)",1,5984
"NP(CC,CC,DT)",1,5985
"S(CC,PP,SQ)",1,5986
"ADJP(ADJP,JJ,S)",1,5987
"NP(RBR,NN,NN)",1,5988
"SQ(VBZ,RB,VP)",1,5989
"VP(VBN,NN,SBAR)",1,5990
"VP(VBZ,PP,NML)",1,5991
"S(NP,FW,ADJP)",1,5992
"ADJP(DT,CC,JJR)",1,5993
"SBAR(IN,CC,WRB)",1,5994
"PP(UH,PP,NP)",1,5995
"NP(NP,UH,S)",1,5996
"NP(NP,S,ADJP)",1,5997
"PP(RP,HYPH,NP)",1,5998
"ADVP(IN,RBS,RBR)",1,5999
"NML(NN,CC,NNS)",1,6000
"VP(NNP,PP,VP)",1,6001
"NP(RB,NNS,NN)",1,6002
"NP(ADJP,PP,ADVP)",1,6003
"SBAR(LS,S)",1,6004
"PP(IN,ADVP,ADVP)",1,6005
"SINV(VBZ,NP,ADJP)",1,6006
"S(SQ,PRN,NP)",1,6007
"SBAR(IN,SYM,SBAR)",1,6008
"S(SBAR,PRN,NP)",1,6009
"SQ(VBZ,NP,SBARQ)",1,6010
"NP(ADJP,NP,NML)",1,6011
"VP(VBG,ADVP,VBN)",1,6012
"INTJ(VB,NN)",1,6013
"NP(VB,RB,VB)",1,6014
"VP(ADJP,JJ,PP)",1,6015
"SBAR(ADVP,PP)",1,6016
"S(RB,VP,NFP)",1,6017
"S(VP,HYPH,VP)",1,6018
"UCP(ADJP,CC,LS)",1,6019
"S(CC,WHNP,S)",1,6020
"NP(NNP,UH,NNP)",1,6021
"PRN(LS,NNP)",1,6022
"SINV(ADJP,VP,SBAR)",1,6023
"NP(RB,RB,SBAR)",1,6024
"S(LS,NN)",1,6025
"SINV(VP,NP,NP)",1,6026
"VP(VB,PP,FW)",1,6027
"SQ(PP,VP)",1,6028
"ADJP(JJR,RP,S)",1,6029
"PP(PP,FW)",1,6030
"SQ(VB,NP)",1,6031
"NP(JJS,NNS,NN)",1,6032
"WHADVP(RB,WDT,NNS)",1,6033
"VP(VBG,NN,NNP)",1,6034
"NP(NNP,VBN)",1,6035
"NP(PRP$,NML,CD)",1,6036
"NP(UCP,NNS,NNS)",1,6037
"VP(VBD,ADJP,FW)",1,6038
"NP(JJ,DT,RB)",1,6039
"VP(VBN,ADVP,UH)",1,6040
"VP(NP,PP,PP)",1,6041
"SBAR(WHNP,ADVP,PP)",1,6042
"SBARQ(LST,NP)",1,6043
"VP(VB,IN,S)",1,6044
"SBAR(SBAR,IN,S)",1,6045
"S(SBAR,RB,S)",1,6046
"SINV(VBD,NP,ADJP)",1,6047
"FRAG(WHNP,NN)",1,6048
"ADJP(JJ,DT,NNS)",1,6049
"VP(VBZ,VP,ADJP)",1,6050
"ADJP(JJ,FW,PP)",1,6051
"ADJP(JJ,PRP$)",1,6052
"FRAG(RB,DT)",1,6053
"VP(VB,VBN,JJ)",1,6054
"S(ADJP,VBZ)",1,6055
"ADVP(RB,HYPH,FW)",1,6056
"NP(DT,PRN,SBAR)",1,6057
"VP(VB,SBAR,VP)",1,6058
"NP(DT,NNP,RB)",1,6059
"NP(UH,NNPS)",1,6060
"NML(NN,NNP,NNP)",1,6061
"NP(DT,NNP,PP)",1,6062
"NP(LST,NP,VP)",1,6063
"SBAR(RB,IN,NP)",1,6064
"ADJP(IN,VBN)",1,6065
"QP(RB,PRP)",1,6066
"VP(VBP,NN,POS)",1,6067
"S(WHNP,S,VP)",1,6068
"NP(DT,DT,PP)",1,6069
"ADVP(ADVP,ADVP)",1,6070
"ADVP(JJ,RBR)",1,6071
"NP(CC,PRP$,JJ)",1,6072
"NP(VBD,NN)",1,6073
"ADJP(AFX,HYPH,RB)",1,6074
"VP(NNS,CONJP,NP)",1,6075
"NP(PDT,PRP$,NML)",1,6076
"NP(NML,CD)",1,6077
"S(VBN,NNS)",1,6078
"NP(NP,PRP$,NNS)",1,6079
"PP(NNP,IN)",1,6080
"VP(VB,HYPH,PP)",1,6081
"SINV(IN,SQ)",1,6082
"SBAR(NP,WHNP,S)",1,6083
"ADJP(ADJP,S,VP)",1,6084
"SBAR(IN,JJ,NN)",1,6085
"NP(NP,UH,NP)",1,6086
"QP(DT,IN,CD)",1,6087
"VP(VP,ADVP,NP)",1,6088
"VP(VBD,WHADVP,S)",1,6089
"NP(NNP,NP,NN)",1,6090
"PRN(NN,S)",1,6091
"NP(NNP,CD,NN)",1,6092
"PRN(S,S,ADJP)",1,6093
"SBAR(ADVP,ADJP)",1,6094
"ADJP(FW,FW,ADJP)",1,6095
"NP(NN,S,S)",1,6096
"WHNP(DT,NN,PP)",1,6097
"NP(CC,NN,NN)",1,6098
"VP(VBG,PP,WHNP)",1,6099
"NP(NP,X)",1,6100
"NP(SYM,NNP,NNP)",1,6101
"SINV(SBAR,VP)",1,6102
"PP(IN,NNP,NP)",1,6103
"NP(NNS,NN,NNP)",1,6104
"WHADVP(WP,NP)",1,6105
"FRAG(VP,VP)",1,6106
"S(PP,NP,NNP)",1,6107
"NP(SYM,UH,PP)",1,6108
"ADVP(RB,HYPH,DT)",1,6109
"ADJP(PRP,JJ)",1,6110
"NP(PRP,ADJP,NNS)",1,6111
"S(S,ADVP,SQ)",1,6112
"ADJP(NN,HYPH,JJR)",1,6113
"SBAR(IN,SBAR,S)",1,6114
"NML(NML,CC,NN)",1,6115
"NP(JJ,CC,NNS)",1,6116
"ADJP(ADJP,ADJP,NNS)",1,6117
"VP(VB,S,SQ)",1,6118
"S(NP,MD,NP)",1,6119
"PP(IN,NNP,NNP)",1,6120
"VP(VBG,RB)",1,6121
"S(NP,CC,SBAR)",1,6122
"ADJP(RBS,NNP)",1,6123
"NP(HYPH,NN)",1,6124
"NP(NN,NNP,NNS)",1,6125
"QP(JJ,CC,JJ)",1,6126
"FRAG(WHADJP,SBAR)",1,6127
"SBAR(FRAG,CC,S)",1,6128
"NP(RB,NN,FW)",1,6129
"S(ADJP,CC,VP)",1,6130
"VP(VB,PRT,WHNP)",1,6131
"ADVP(IN,HYPH,RB)",1,6132
"NP(NNP,VP,UH)",1,6133
"VP(VBN,FW,PP)",1,6134
"VP(VB,FW,S)",1,6135
"WHADVP(RB,WDT,NN)",1,6136
"S(ADVP,ADJP,ADJP)",1,6137
"WHNP(WHNP,NP,S)",1,6138
"FRAG(PP,CC,PP)",1,6139
"NP(VBG,NN,PRP)",1,6140
"NP(DT,SYM,RB)",1,6141
"ADJP(VBN,CONJP,NP)",1,6142
"S(PRN,NP,NP)",1,6143
"PRN(SBAR,VP)",1,6144
"VP(PP,VBP,VP)",1,6145
"WHNP(WP$,VBG,NNS)",1,6146
"ADJP(CC,NP,ADJP)",1,6147
"NP(CD,NN,RP)",1,6148
"NP(PDT,DT,VBG)",1,6149
"WHNP(WP,SYM)",1,6150
"SBARQ(WHNP,WHNP,SQ)",1,6151
"SBARQ(WHNP,NP,VP)",1,6152
"NP(QP,RB,NNS)",1,6153
"FRAG(FRAG,PP)",1,6154
"FRAG(NP,CC,RB)",1,6155
"ADJP(PP,JJ)",1,6156
"ADVP(RB,NN,S)",1,6157
"SBAR(WHNP,UCP)",1,6158
"ADJP(NP,S)",1,6159
"NP(VB,HYPH,NN)",1,6160
"VP(VBP,ADJP,INTJ)",1,6161
"SBAR(WHADVP,VBN)",1,6162
"INTJ(UH,UH)",1,6163
"S(CC,S,NP)",1,6164
"NP(NP,PP,JJR)",1,6165
"PP(NP,IN,PP)",1,6166
"FRAG(PP,INTJ,NP)",1,6167
"ADVP(RB,TO)",1,6168
"NP(ADJP,HYPH,NN)",1,6169
"ADVP(ADVP,PRP)",1,6170
"WHNP(WDT,LS)",1,6171
"ADJP(JJ,RB,JJR)",1,6172
"FRAG(RB,ADVP,ADJP)",1,6173
"VP(VBN,CONJP)",1,6174
"ADVP(RB,CC,CC)",1,6175
"VP(VBZ,VP,PP)",1,6176
"ADVP(PP,SBAR)",1,6177
"NML(NN,CC,VBN)",1,6178
"SBAR(FW,SBAR)",1,6179
"NP(CD,VBZ,NNS)",1,6180
"S(ADVP,RB,VP)",1,6181
"NP(NML,NN,NP)",1,6182
"S(NP,VP,CC)",1,6183
"ADJP(RB,VBG,SBAR)",1,6184
"NP(VB,NML,NNPS)",1,6185
"ADJP(ADVP,JJ,JJ)",1,6186
"SBAR(LST,S)",1,6187
"QP(DT,CC,JJ)",1,6188
"ADVP(RB,DT,JJ)",1,6189
"WHNP(WDT,SBAR)",1,6190
"S(ADJP,VP,VP)",1,6191
"SBAR(SBARQ,WHNP,S)",1,6192
"NP(UCP,CONJP,NP)",1,6193
"VP(VBZ,NN,JJ)",1,6194
"VP(VBN,PP,CONJP)",1,6195
"QP(ADVP,DT,JJ)",1,6196
"CONJP(RB,WDT)",1,6197
"S(CC,SBAR,S)",1,6198
"NP(LS,NN,NNP)",1,6199
"NP(QP,VP)",1,6200
"NP(DT,POS,POS)",1,6201
"NP(NNP,NNP,JJR)",1,6202
"NP(NNP,NNP,RBR)",1,6203
"NP(NNP,NP,NP)",1,6204
"NP(CC,UH,NP)",1,6205
"NP(HYPH,UH,S)",1,6206
"NP(NNP,VBN,NNP)",1,6207
"NP(CD,CD)",1,6208
"NP(NFP,NFP)",1,6209
"ADJP(ADJP,VBN,NP)",1,6210
"NP(JJ,DT,NNS)",1,6211
"SBAR(WHPP,S,SINV)",1,6212
"NP(NNPS,NP)",1,6213
"ADVP(JJ,ADVP,PP)",1,6214
"ADJP(RB,CC,SBAR)",1,6215
"S(ADVP,NN,VBZ)",1,6216
"VP(POS,NP,PP)",1,6217
"S(PP,S,PP)",1,6218
"PP(PP,CONJP,ADJP)",1,6219
"VP(UH,NP,PP)",1,6220
"VP(IN,HYPH,VB)",1,6221
"S(CC,NP,PRN)",1,6222
"VP(VBN,PP,UH)",1,6223
"NP(ADVP,NNP,NN)",1,6224
"PP(NP,IN,ADJP)",1,6225
"ADJP(RBR,VBN,S)",1,6226
"NP(DT,RBS,NN)",1,6227
"VP(ADVP,NN,PP)",1,6228
"NP(PRP,UH,UH)",1,6229
"S(ADVP,ADVP,ADVP)",1,6230
"ADVP(NP,RB,PP)",1,6231
"VP(UH,PP,ADVP)",1,6232
"NP(JJ,NNPS,UH)",1,6233
"ADJP(RB,JJ,IN)",1,6234
"NP(JJ,PRN,SBAR)",1,6235
"NP(QP,CC,NP)",1,6236
"SINV(CC,SQ)",1,6237
"VP(ADJP,S,SBAR)",1,6238
"S(VP,S,S)",1,6239
"VP(VBG,S,S)",1,6240
"NP(JJR,UCP,NNS)",1,6241
"NP(RB,DT,NNP)",1,6242
"ADJP(NN,VBG)",1,6243
"NP(JJS,CONJP,PP)",1,6244
"CONJP(IN,RB,DT)",1,6245
"VP(NN,ADVP,ADVP)",1,6246
"PP(IN,HYPH,NNS)",1,6247
"FRAG(INTJ,INTJ,ADVP)",1,6248
"ADJP(UH,CC,DT)",1,6249
"SBAR(WHADVP,S,S)",1,6250
"VP(VBZ,SBAR,SQ)",1,6251
"VP(VBG,NP,SBARQ)",1,6252
"NP(ADJP,DT,NNS)",1,6253
"VP(VBZ,SBARQ,VP)",1,6254
"NP(NNS,EX)",1,6255
"NP(NN,ADJP,NNS)",1,6256
"VP(VB,NP,AFX)",1,6257
"NP(PRP,UCP,NNS)",1,6258
"NP(ADJP,PRN)",1,6259
"VP(VBD,SBAR,ADJP)",1,6260
"NP(CD,JJR,NNP)",1,6261
"NP(NP,NNS,FW)",1,6262
"VP(NN,NP,ADJP)",1,6263
"VP(VBG,VP,VP)",1,6264
"VP(VBD,PP,WHNP)",1,6265
"S(NP,ADVP,S)",1,6266
"PP(NN,S)",1,6267
"NP(WDT,NP)",1,6268
"ADVP(RB,ADJP,NNS)",1,6269
"VP(VB,INTJ,NN)",1,6270
"NML(ADJP,LST)",1,6271
"ADJP(ADJP,NN,AFX)",1,6272
"LST(SYM,LS)",1,6273
"INTJ(FW,NN)",1,6274
"NP(NFP,UH,NN)",1,6275
"NP(NN,CD,NN)",1,6276
"NP(NFP,HYPH,NN)",1,6277
"VP(VBZ,INTJ,ADJP)",1,6278
"SBAR(RB,NP)",1,6279
"ADJP(CC,ADJP,SBAR)",1,6280
"ADVP(NN,NN)",1,6281
"WHNP(WRB,HYPH,NNS)",1,6282
"NP(NP,CC,PRP)",1,6283
"VP(FW,ADVP,FW)",1,6284
"UCP(ADJP,CC,RB)",1,6285
"NP(NP,NP,LST)",1,6286
"LST(UH,FW,NNP)",1,6287
"VP(VBD,ADVP,JJ)",1,6288
"VP(VP,ADJP,PP)",1,6289
"ADVP(CONJP,RB)",1,6290
"ADJP(ADJP,JJ,PRN)",1,6291
"PRN(S,CC,PP)",1,6292
"PRN(S,ADJP)",1,6293
"ADJP(RB,HYPH,RP)",1,6294
"NP(CD,VBN,NN)",1,6295
"VP(VBZ,ADVP,UH)",1,6296
"SINV(IN,SINV)",1,6297
"S(INTJ,S,SBAR)",1,6298
"FRAG(RB,ADVP,NP)",1,6299
"SBARQ(SBARQ,S)",1,6300
"VP(VB,ADJP,WHNP)",1,6301
"WHNP(WHNP,AFX,VP)",1,6302
"VP(VBP,ADJP,RB)",1,6303
"ADJP(JJ,CC,RBS)",1,6304
"ADVP(NN,CONJP,NN)",1,6305
"VP(SQ,CC,VP)",1,6306
"VP(PP,ADVP,PP)",1,6307
"WHNP(WDT,NN,PP)",1,6308
"NP(NNP,IN)",1,6309
"NP(NNPS,NNP,POS)",1,6310
"NP(PP,FW)",1,6311
"PP(TO,ADVP)",1,6312
"SQ(CC,VBP,NP)",1,6313
"NP(EX,NNS)",1,6314
"S(VP,PRN)",1,6315
"PP(NNP,PP)",1,6316
"VP(VP,VP,FW)",1,6317
"S(DT,NP,VP)",1,6318
"VP(VBP,CC,S)",1,6319
"ADVP(RBR,RP)",1,6320
"NP(DT,VBG,JJ)",1,6321
"NP(NP,NNP,JJ)",1,6322
"S(ADVP,PP,INTJ)",1,6323
"S(S,NFP,S)",1,6324
"ADJP(ADJP,ADVP,NP)",1,6325
"VP(VBD,JJS)",1,6326
"NP(PRP$,RB,NNS)",1,6327
"VP(UH,NP,ADVP)",1,6328
"VP(UH,PP)",1,6329
"SQ(MD,NP,ADVP)",1,6330
"NP(DT,S,NNP)",1,6331
"NP(NNS,CC,NNPS)",1,6332
"NP(CD,VBN)",1,6333
"LST(UH,WHNP)",1,6334
"WHNP(WP,HYPH,RB)",1,6335
"NP(NNP,NNP,JJ)",1,6336
"S(NP,VP,ADJP)",1,6337
"NP(NNP,VBG,JJ)",1,6338
"S(LST,S)",1,6339
"LST(INTJ,NP,VP)",1,6340
"VP(VP,JJ,NN)",1,6341
"VP(VP,CONJP,SBAR)",1,6342
"PP(IN,NN,NFP)",1,6343
"NP(WP,HYPH,RB)",1,6344
"PP(WHNP,PP)",1,6345
"NP(NP,CC,WP)",1,6346
"NP(JJR,VBG,NNS)",1,6347
"S(NP,VP,UH)",1,6348
"VP(VP,S,PP)",1,6349
"NP(DT,CD,NNP)",1,6350
"ADJP(FW,CC,NN)",1,6351
"NML(FW,CC,JJ)",1,6352
"ADJP(ADJP,CC,RBR)",1,6353
"ADJP(JJ,PRN,SBAR)",1,6354
"NP(PRP$,NN,JJ)",1,6355
"PP(SBAR,CC,PP)",1,6356
"ADJP(JJ,JJ,VBN)",1,6357
"NP(NP,WDT,NNP)",1,6358
"VP(NN,NP,ADVP)",1,6359
"PP(PP,WHNP,SQ)",1,6360
"PP(PP,CONJP,WHADVP)",1,6361
"FRAG(NP,S,SBAR)",1,6362
"WHNP(IN,S)",1,6363
"NP(ADVP,PP,PP)",1,6364
"NP(JJR,RB)",1,6365
"PP(PP,CC,RB)",1,6366
"PRN(SINV,S)",1,6367
"S(PP,ADJP,SBAR)",1,6368
"ADVP(RB,CC,SBAR)",1,6369
"ADVP(RB,JJ,NNP)",1,6370
"ADJP(JJ,SBAR,ADVP)",1,6371
"NP(IN,NP,NN)",1,6372
"ADJP(NN,HYPH,VBD)",1,6373
"NP(LS,LS)",1,6374
"NP(VBN,VBN,NN)",1,6375
"ADJP(ADJP,CC,NN)",1,6376
"SBAR(WHPP,SBAR,S)",1,6377
"NP(DT,VBD,NNP)",1,6378
"QP(JJR,CC,JJR)",1,6379
"ADJP(ADJP,CONJP,PP)",1,6380
"VP(VBP,CC,ADVP)",1,6381
"UCP(ADJP,CC,S)",1,6382
"NP(NNP,NNP,VBG)",1,6383
"NP(NML,ADJP,NN)",1,6384
"ADJP(VBN,JJ)",1,6385
"SBAR(SBAR,ADVP,VP)",1,6386
"NP(SBAR,NP,NP)",1,6387
"FRAG(RB,RB,NP)",1,6388
"S(ADVP,NP,ADJP)",1,6389
"NP(PRN,NP)",1,6390
"ADJP(CC,JJ,SBAR)",1,6391
"VP(ADVP,VB,SBAR)",1,6392
"VP(VBD,VBD,PP)",1,6393
"S(ADVP,VBG)",1,6394
"ADJP(JJR,JJR)",1,6395
"SBAR(CONJP,IN,NP)",1,6396
"NP(CC,EX)",1,6397
"NP(CC,NNP,POS)",1,6398
"NML(VBG,NN,NN)",1,6399
"NP(RB,NN,VBG)",1,6400
"NP(RP,NNS,POS)",1,6401
"UCP(ADJP,FW,ADJP)",1,6402
"ADJP(RB,HYPH,DT)",1,6403
"NP(ADJP,CC,VP)",1,6404
"PP(IN,ADVP,SBAR)",1,6405
"NP(RB,RB,NN)",1,6406
"ADVP(DT,PP)",1,6407
"VP(VBN,SYM,VBN)",1,6408
"S(QP,VP)",1,6409
"ADJP(RB,RBR,RB)",1,6410
"WHPP(IN,WHNP,S)",1,6411
"NP(NP,NFP,UH)",1,6412
"NP(NN,NN,VBG)",1,6413
"NML(S,HYPH,PP)",1,6414
"NML(UH,HYPH,VB)",1,6415
"NP(UH,SBAR)",1,6416
"ADVP(UH,IN,UH)",1,6417
"VP(TO,ADJP,S)",1,6418
"NP(ADJP,DT,FW)",1,6419
"NP(IN,PRP$,NNS)",1,6420
"FRAG(NP,NP,SBAR)",1,6421
"NP(NNP,UH,JJ)",1,6422
"ADVP(IN,S)",1,6423
"S(NML,NP,ADVP)",1,6424
"VP(NNP,NP,VP)",1,6425
"VP(VB,NN,NP)",1,6426
"VP(PP,ADJP,PP)",1,6427
"WHNP(IN,PRP$,NN)",1,6428
"NP(LS,NP,NN)",1,6429
"LST(NNP,NN,NN)",1,6430
"NML(PP,CC,VP)",1,6431
"VP(VB,NNS)",1,6432
"ADJP(RBR,HYPH,VBN)",1,6433
"VP(VBN,INTJ)",1,6434
"NP(CC,HYPH,NFP)",1,6435
"NP(ADVP,VBZ)",1,6436
"VP(VP,HYPH,ADJP)",1,6437
"NP(NP,RB,NNS)",1,6438
"VP(FW,HYPH,ADVP)",1,6439
"NML(JJ,FW)",1,6440
"NP(NP,INTJ,SQ)",1,6441
"SQ(NN,NP,PP)",1,6442
"LST(UH,NP)",1,6443
"NP(DT,ADJP,UCP)",1,6444
"NP(PRP,DT,NN)",1,6445
"NP(JJ,NP,NNP)",1,6446
"VP(VB,HYPH,IN)",1,6447
"NP(NP,NNP,PP)",1,6448
"VP(VBN,SBAR,NP)",1,6449
"SBAR(WHNP,NP,NP)",1,6450
"S(CC,ADVP)",1,6451
"WHNP(WP,NNP)",1,6452
"NP(DT,NNS,NML)",1,6453
"ADVP(RB,CONJP,JJ)",1,6454
"NP(PRN,VBG,NNS)",1,6455
"PRN(CC,RB,JJ)",1,6456
"FRAG(CC,ADVP,SBAR)",1,6457
"NP(CONJP,JJR,NN)",1,6458
"WHPP(VBG,SBAR)",1,6459
"ADVP(JJR,RB,RB)",1,6460
"NP(NNP,HYPH,NML)",1,6461
"PP(IN,VBP,VP)",1,6462
"VP(NN,SBAR,S)",1,6463
"NP(NNP,IN,NP)",1,6464
"S(S,S,PRN)",1,6465
"NML(JJS,HYPH,NML)",1,6466
"NP(CC,NP,PRN)",1,6467
"VP(UH,IN,NP)",1,6468
"VP(VB,ADVP,WHNP)",1,6469
"VP(VBZ,NP,INTJ)",1,6470
"NP(NP,MD,VP)",1,6471
"NP(DT,NN,NNPS)",1,6472
"NP(ADJP,NNP,IN)",1,6473
"ADJP(VP,CONJP,VP)",1,6474
"NML(NNP,IN)",1,6475
"NP(CD,NNS,POS)",1,6476
"NML(NN,HYPH,NNPS)",1,6477
"S(S,INTJ,VP)",1,6478
"ADJP(NNP,HYPH,NNP)",1,6479
"ADVP(DT,RB,JJ)",1,6480
"ADVP(DT,CC)",1,6481
"NP(NP,NNP,UH)",1,6482
"PP(RBR,PP)",1,6483
"NML(NN,HYPH,PRP$)",1,6484
"S(NP,CONJP,SQ)",1,6485
"ADJP(JJ,WHNP)",1,6486
"NP(ADVP,NML,NNS)",1,6487
"PRN(NP,NP,NP)",1,6488
"NP(NNP,RB,NNS)",1,6489
"VP(VBP,ADVP,CONJP)",1,6490
"NP(JJR,SBAR)",1,6491
"PRN(WDT,S)",1,6492
"S(ADVP,VP,SBAR)",1,6493
"S(INTJ,SBAR,S)",1,6494
"NP(DT,NP,NNS)",1,6495
"VP(UH,RB)",1,6496
"PP(ADVP,VBN,NP)",1,6497
"ADJP(VP,VBZ)",1,6498
"NP(ADJP,NN,VBZ)",1,6499
"NP(ADJP,NN,VP)",1,6500
"INTJ(IN,CC,UH)",1,6501
"NP(INTJ,ADJP)",1,6502
"VP(PP,MD,NP)",1,6503
"SINV(SBAR,VP,PP)",1,6504
"NP(CONJP,S)",1,6505
"FRAG(WHADVP,PP)",1,6506
"FRAG(SBAR,S,NFP)",1,6507
"VP(VBP,PP,NFP)",1,6508
"VP(PP,NP,S)",1,6509
"NP(DT,NML,PRP)",1,6510
"PP(IN,CC)",1,6511
"NP(NP,IN,NNP)",1,6512
"FRAG(WHADVP,IN,S)",1,6513
"NP(NN,SBAR,SBAR)",1,6514
"SINV(ADJP,VP,S)",1,6515
"NML(VB,NN)",1,6516
"NP(PRP$,NN,NML)",1,6517
"SBAR(IN,PP,SBAR)",1,6518
"NP(IN,ADJP)",1,6519
"PP(PP,HYPH,NP)",1,6520
"VP(VBG,FW,NN)",1,6521
"WHNP(WDT,JJ,VBG)",1,6522
"NP(NNP,NNS,POS)",1,6523
"SBAR(IN,IN,SQ)",1,6524
"SQ(VP,VP)",1,6525
"NP(NML,NNP,CD)",1,6526
"ADJP(JJ,ADJP,PP)",1,6527
"NP(NNS,HYPH,IN)",1,6528
"NML(PRP$,NNP,NNP)",1,6529
"S(S,ADJP,VP)",1,6530
"NP(NNP,HYPH,FW)",1,6531
"WHPP(RP,SBAR)",1,6532
"ADJP(PRP$,HYPH,JJ)",1,6533
"FRAG(ADVP,FW,NP)",1,6534
"VP(NN,PP,FW)",1,6535
"NP(NP,PP,SQ)",1,6536
"NP(FW,CC,NN)",1,6537
"NP(NP,UH,PRP)",1,6538
"VP(NN,NN,PP)",1,6539
"ADVP(ADVP,VBN,PP)",1,6540
"NP(UCP,PP)",1,6541
"NP(UH,CC,VB)",1,6542
"NP(NP,IN,VP)",1,6543
"VP(NP,CC,NP)",1,6544
"VP(VBP,NN,PP)",1,6545
"NP(QP,S,ADJP)",1,6546
"INTJ(FW,NP,S)",1,6547
"ADJP(ADJP,WHPP,NP)",1,6548
"NP(NP,FW,ADJP)",1,6549
"INTJ(FW,S)",1,6550
"INTJ(FW,ADJP)",1,6551
"S(PP,WHNP,SQ)",1,6552
"SBAR(WHNP,PP,SBAR)",1,6553
"ADVP(RB,CC,DT)",1,6554
"NP(NP,WHNP,PP)",1,6555
"NP(JJS,NN,JJ)",1,6556
"S(NP,VP,VBZ)",1,6557
"NP(JJ,NN,NP)",1,6558
"NP(POS,JJ,NN)",1,6559
"NP(NP,RB,DT)",1,6560
"QP(JJ,CC,CD)",1,6561
"NP(NP,PRT,NP)",1,6562
"NP(CC,VBN,NN)",1,6563
"NP(VB,MD)",1,6564
"NP(PP,ADJP,NNS)",1,6565
"NP(PRP$,MD)",1,6566
"SINV(SBAR,VP,S)",1,6567
"ADJP(JJ,JJ,FW)",1,6568
"ADJP(PRP,HYPH,RB)",1,6569
"S(SBAR,PRN,SBAR)",1,6570
"S(VP,PP,SBAR)",1,6571
"S(UCP,SBAR,VP)",1,6572
"ADVP(ADVP,DT,NN)",1,6573
"S(PP,VP,NFP)",1,6574
"NP(NNP,CC,LS)",1,6575
"S(RB,S)",1,6576
"NP(CD,NNS,NNS)",1,6577
"NP(DT,NN,CONJP)",1,6578
"NP(SBAR,CC,S)",1,6579
"ADVP(ADJP,VBN)",1,6580
"ADVP(WRB,JJ)",1,6581
"CONJP(RB,HYPH,IN)",1,6582
"ADJP(RB,CONJP,RB)",1,6583
"VP(VB,PRN,S)",1,6584
"ADJP(VBN,CC,VBG)",1,6585
"S(SINV,CC,SINV)",1,6586
"NP(DT,ADJP,PRN)",1,6587
"NP(NML,HYPH,VP)",1,6588
"ADVP(PP,RBR,JJ)",1,6589
"S(S,INTJ,SBAR)",1,6590
"ADVP(CONJP,RBR,JJ)",1,6591
"NP(ADJP,ADJP,NNP)",1,6592
"ADJP(JJ,CONJP,NP)",1,6593
"VP(VBZ,VBN,ADVP)",1,6594
"ADJP(NNP,VBN)",1,6595
"VP(NNS,PRT)",1,6596
"UCP(NML,CC,ADVP)",1,6597
"NP(LS,NP,PP)",1,6598
"VP(VBN,PP,FRAG)",1,6599
"FRAG(NP,NN,NN)",1,6600
"VP(VBN,SBARQ)",1,6601
"FRAG(NP,PP,NP)",1,6602
"ADJP(ADJP,NN,NN)",1,6603
"NP(PRP$,NNS,NNP)",1,6604
"VP(FW,FW,ADVP)",1,6605
"VP(VB,NNP,NP)",1,6606
"SQ(PP,WHNP,SQ)",1,6607
"NP(VB,UH)",1,6608
"NP(DT,NNP,IN)",1,6609
"NP(NP,IN,WHNP)",1,6610
"SBAR(ADJP,RB,NP)",1,6611
"ADJP(JJS,HYPH,IN)",1,6612
"ADJP(NFP,ADJP)",1,6613
"SBAR(WHNP,S,SBARQ)",1,6614
"SBAR(IN,JJ,S)",1,6615
"FRAG(INTJ,SBARQ)",1,6616
"S(S,ADJP,SBAR)",1,6617
"NP(CC,PRP)",1,6618
"SBAR(IN,S,PP)",1,6619
"NP(IN,NN,NN)",1,6620
"NP(JJ,NFP,FW)",1,6621
"ADJP(ADJP,CONJP,NML)",1,6622
"VP(ADVP,NN,SBAR)",1,6623
"S(CC,ADVP,SQ)",1,6624
"LST(NN,NN,NN)",1,6625
"VP(VBG,CC,ADJP)",1,6626
"ADJP(VBN,RP)",1,6627
"NP(WHNP,ADVP,VP)",1,6628
"VP(VBZ,PP,PRN)",1,6629
"PRN(S,SBAR,NP)",1,6630
"SQ(VBZ,SBAR)",1,6631
"NP(NNPS,CD)",1,6632
"INTJ(FW,FW,NN)",1,6633
"NP(UH,S)",1,6634
"SBAR(SYM,NP)",1,6635
"VP(VBD,VBD)",1,6636
"QP(PDT,DT,JJ)",1,6637
"ADVP(JJ,NN)",1,6638
"NP(NP,NP,WHPP)",1,6639
"VP(MD,CONJP,VP)",1,6640
"NP(NML,VBN,NNS)",1,6641
"NP(IN,SYM)",1,6642
"ADVP(JJS,IN,DT)",1,6643
"SBAR(SBAR,ADVP,S)",1,6644
"S(ADJP,ADVP,NP)",1,6645
"FRAG(CC,PP,PP)",1,6646
"VP(MD,PP,SBAR)",1,6647
"VP(VBP,SBAR,ADJP)",1,6648
"WHADVP(WRB,CC,RB)",1,6649
"WHNP(WDT,VBZ)",1,6650
"NP(DT,VB,NN)",1,6651
"WHNP(WP,DT,NNS)",1,6652
"NP(PRP$,VB,NN)",1,6653
"S(LS,CC,NN)",1,6654
"FRAG(ADVP,INTJ)",1,6655
"ADJP(NN,NP)",1,6656
"S(NP,NN,NN)",1,6657
"NP(PRP$,QP,NNS)",1,6658
"NP(NNS,NML,ADVP)",1,6659
"NP(PRP$,ADJP,VBP)",1,6660
"NP(ADVP,JJ)",1,6661
"NML(NNS,NML)",1,6662
"FRAG(FRAG,S)",1,6663
"ADVP(FW,FW,ADVP)",1,6664
"SBARQ(SBAR,FRAG)",1,6665
"S(NML,ADJP)",1,6666
"VP(FW,ADJP,S)",1,6667
"VP(VBZ,RB,UCP)",1,6668
"NML(FRAG,NN)",1,6669
"FRAG(NML,CC,SQ)",1,6670
"ADVP(FW,NP,S)",1,6671
"NP(NN,NNP,NP)",1,6672
"NP(UH,VBZ)",1,6673
"VP(VBP,S,ADJP)",1,6674
"NP(ADVP,CD,NN)",1,6675
"S(CC,UCP)",1,6676
"VP(VB,VBZ,PP)",1,6677
"NML(VBG,CC,NN)",1,6678
"NP(PRP$,UCP,NNPS)",1,6679
"ADJP(ADJP,VBN,PP)",1,6680
"NP(NP,CONJP,JJ)",1,6681
"SBAR(IN,PP,VP)",1,6682
"RRC(INTJ,NP)",1,6683
"NP(VBG,IN)",1,6684
"S(NP,S,NP)",1,6685
"NP(DT,NN,UH)",1,6686
"VP(VBG,VBG,VBG)",1,6687
"NP(NFP,UH)",1,6688
"ADVP(RBR,JJ)",1,6689
"VP(JJ,HYPH,NN)",1,6690
"VP(PP,VP,PP)",1,6691
"VP(VBN,LST)",1,6692
"LST(LS,NN)",1,6693
"NP(SYM,JJ,NN)",1,6694
"PP(IN,NFP,IN)",1,6695
"NP(LS,NP,NP)",1,6696
"NP(DT,NNPS,CD)",1,6697
"ADVP(JJ,IN)",1,6698
"NP(NML,HYPH,PP)",1,6699
"NML(JJ,HYPH)",1,6700
"NP(NP,HYPH,S)",1,6701
"NP(DT,NN,VBG)",1,6702
"NP(ADVP,NP,S)",1,6703
"NP(CD,CC,JJR)",1,6704
"SBARQ(WHPP,S)",1,6705
"NP(ADJP,NNP,NNP)",1,6706
"NP(RBR,JJ)",1,6707
"PRN(S,ADVP,VP)",1,6708
"S(SINV,SBAR)",1,6709
"VP(CC,ADVP,VP)",1,6710
"NP(FW,FW,VB)",1,6711
"S(VP,IN,S)",1,6712
"FRAG(CC,ADVP,VP)",1,6713
"NML(NNS,FW)",1,6714
"FRAG(NP,ADVP,NP)",1,6715
"VP(TO,NP,PP)",1,6716
"SBAR(IN,PRN,S)",1,6717
"SBAR(NNP,NP)",1,6718
"S(VP,FW,NP)",1,6719
"SBAR(PRN,SBAR)",1,6720
"NP(DT,VBG,FW)",1,6721
"SINV(VP,SQ)",1,6722
"NP(PRP,FW)",1,6723
"NP(PRP$,NML,SBAR)",1,6724
"VP(CC,NP)",1,6725
"NP(CC,NN,NNS)",1,6726
"PRN(S,CONJP,PP)",1,6727
"ADVP(ADJP,VBN,PP)",1,6728
"CONJP(RB,RB,PP)",1,6729
"S(NP,JJ,PP)",1,6730
"ADVP(RB,CC,IN)",1,6731
"PP(FW,FW,NP)",1,6732
"ADVP(ADVP,CONJP,ADVP)",1,6733
"ADJP(RB,NN,NN)",1,6734
"NP(DT,WRB,JJ)",1,6735
"QP(JJS,CC,DT)",1,6736
"VP(VBZ,RB,FW)",1,6737
"S(ADVP,SQ)",1,6738
"SINV(CONJP,SINV,S)",1,6739
"NP(FW,FW,NP)",1,6740
"S(ADJP,VBG)",1,6741
"SQ(CC,SINV,S)",1,6742
"VP(VB,PP,WHPP)",1,6743
"NP(CD,NNS,NN)",1,6744
"ADJP(JJR,IN,S)",1,6745
"S(VP,ADVP)",1,6746
"ADJP(RB,IN,S)",1,6747
"NP(CONJP,NP,S)",1,6748
"NP(DT,NNP,MD)",1,6749
"FRAG(NP,CC,NP)",1,6750
"NP(NP,SBAR,FW)",1,6751
"NP(SBAR,SQ)",1,6752
"NP(JJ,NN,MD)",1,6753
"NP(UCP,JJ,NNP)",1,6754
"NP(NP,FW,NML)",1,6755
"ADJP(VBG,ADJP)",1,6756
"WHNP(WP,JJ,NNS)",1,6757
"SBARQ(CC,NP,PP)",1,6758
"NP(CD,QP,NNS)",1,6759
"FRAG(NP,PP,PP)",1,6760
"NP(CC,NP,NN)",1,6761
"ADJP(VBN,HYPH,PP)",1,6762
"SBAR(SYM,S)",1,6763
"NP(NN,VBG,SBAR)",1,6764
"NP(NP,PP,PRP)",1,6765
"ADVP(RB,JJ,NNS)",1,6766
"RRC(ADVP,JJ,PP)",1,6767
"ADVP(RBS,RB,FW)",1,6768
"NML(NNP,CC,DT)",1,6769
"NP(JJS,RB)",1,6770
"S(FRAG,S)",1,6771
"ADVP(ADVP,HYPH,PP)",1,6772
"VP(POS,VP)",1,6773
"ADJP(JJ,JJ,CC)",1,6774
"ADVP(CONJP,IN,S)",1,6775
"S(VP,CC,ADVP)",1,6776
"PP(IN,VP,NP)",1,6777
"NP(NP,S,ADVP)",1,6778
"SBAR(WHADVP,S,VP)",1,6779
"NP(NML,HYPH,SBAR)",1,6780
"ADJP(ADJP,ADVP,ADJP)",1,6781
"NP(CD,HYPH,VBN)",1,6782
"VP(VBZ,LST)",1,6783
"LST(CC,ADVP,S)",1,6784
"VP(MD,ADVP,NN)",1,6785
"NP(NP,CC,SQ)",1,6786
"SQ(VB,RB,NP)",1,6787
"ADJP(CD,CC,JJR)",1,6788
"NP(PRP$,PRP$,NNS)",1,6789
"NML(S,CC,NML)",1,6790
"NP(ADVP,NN,NP)",1,6791
"NP(NFP,JJ,NN)",1,6792
"NP(PP,CC,NP)",1,6793
"PP(PP,JJ,NNS)",1,6794
"VP(NNP,S)",1,6795
"SBAR(NN,NN)",1,6796
"PP(IN,NP,NNP)",1,6797
"ADVP(CC,MD)",1,6798
"NP(UCP,VBN,NN)",1,6799
"UCP(RB,CC,NN)",1,6800
"NML(NNS,HYPH,VBN)",1,6801
"S(CC,INTJ,VP)",1,6802
"VP(VBP,UCP,ADJP)",1,6803
"FRAG(SINV,ADVP)",1,6804
"PP(ADJP,IN,PP)",1,6805
"VP(MD,S,NP)",1,6806
"NP(ADVP,WHADVP,S)",1,6807
"S(NFP,NP)",1,6808
"ADJP(JJ,NNP)",1,6809
"PRN(NN,NN,VP)",1,6810
"VP(VBZ,SYM,VP)",1,6811
"VP(NML,CC,VP)",1,6812
"SBAR(SBAR,FW)",1,6813
"NP(DT,CD,S)",1,6814
"NP(ADVP,CC,NN)",1,6815
"SINV(ADVP,VP,S)",1,6816
"NP(IN,NP,VP)",1,6817
"VP(NP,ADVP,SBAR)",1,6818
"NP(NNP,HYPH)",1,6819
"VP(RP,VB,NP)",1,6820
"VP(VBZ,SBARQ,PP)",1,6821
"VP(NNS,NP,ADJP)",1,6822
"NP(UH,UH,UH)",1,6823
"ADVP(IN,NP)",1,6824
"S(ADVP,NP,SBAR)",1,6825
"VP(VBZ,PRP,JJ)",1,6826
"SQ(S,WHNP,SQ)",1,6827
"VP(VBP,NP,UCP)",1,6828
